#{"t_start": 1716845508.897266, "env_id": "None"}
r,l,t,num_wraps,c
-368.227934,100,1.594393,0.0,0
-336.393323,100,4.429741,0.0,0
-359.505521,100,7.33109,0.0,0
-366.520159,100,9.606202,0.0,0
-343.534172,100,11.951883,0.0,0
-335.203605,100,14.26502,0.0,0
-360.343784,100,16.647682,0.0,0
-320.059331,100,19.025529,0.0,2
-341.677915,100,21.515781,0.0,0
-357.698393,100,24.200008,0.0,0
-358.312622,100,27.071914,0.0,0
-343.813435,100,30.236727,0.0,0
-347.606331,100,33.458092,0.0,0
-347.128135,100,36.743673,0.0,0
-345.512027,100,40.313147,0.0,0
-343.39688,100,43.899118,0.0,0
-330.82967,100,47.626427,0.059742282205673576,0
-333.506974,100,51.643186,0.0,0
-309.848509,100,56.34669,0.7174020404119724,1
-343.992785,100,61.496723,0.0,0
-351.521475,100,66.273387,0.0,6
-341.639095,100,70.448618,0.0,0
-314.272328,100,74.719402,0.0,0
-356.929932,100,78.750852,0.0,3
-348.28023,100,83.048723,0.0,0
-342.849719,100,87.15933,0.0,1
-303.632964,100,91.540547,0.08476172540572972,0
-323.261853,100,95.559765,0.12907841296785583,1
-364.169826,100,99.613899,0.0,3
-353.513344,100,103.814592,0.0,2
-179.142008,58,106.305004,0.7711042665146879,3
-337.78418,100,110.59226,0.0,4
-347.756238,100,115.674353,0.0,0
-348.812375,100,124.259954,0.0,0
-336.67784,100,128.516675,0.0,1
-336.006194,100,132.701791,0.19406840492515245,5
-335.178121,100,138.877753,0.260272594673074,2
-320.103896,100,142.501634,0.0,3
-339.026725,100,145.713806,0.0,0
-335.471362,100,148.894779,0.26237045798943764,4
-289.158922,100,152.577608,1.009347456953958,2
-317.39856,100,155.764458,0.0,1
-331.086781,100,158.918673,0.0,3
-314.412607,100,161.974808,0.0,2
-313.458723,100,165.00414,0.0,1
-328.064001,100,167.930438,0.0,2
-321.894397,100,170.835261,0.0,3
-307.431903,100,173.763731,0.0,1
-300.346193,100,176.810279,0.0,1
-318.517715,100,179.735304,0.0,4
-307.160701,100,182.830213,0.0,1
-298.902493,100,186.157624,0.9057644589632593,4
-303.285187,100,189.248199,0.37492312444884657,1
-235.073202,100,192.33397,0.12740630325886265,3
-313.440245,100,195.44711,0.0,1
-315.27582,100,198.490887,0.0,1
-300.695794,100,201.725248,0.0,4
-315.660879,100,204.753805,0.0,0
-316.890639,100,207.751145,0.0,0
-306.085411,100,210.712904,0.0,0
-306.01015,100,213.819922,0.0,0
-312.797997,100,216.872027,0.0,2
-304.842788,100,219.964698,0.0,2
-307.0011,100,222.884485,0.0,1
-312.993015,100,226.541414,0.0,3
-270.790041,100,229.93819,0.37145852865541595,0
-300.391406,100,233.357396,0.0,0
-312.83099,100,236.88147,0.0,2
-300.820132,100,239.967016,0.0,1
-309.248174,100,243.05234,0.0,0
-302.963268,100,246.247952,0.0,0
-311.702512,100,249.374925,0.0,3
-302.189616,100,252.440628,0.0,0
-317.546141,100,255.566395,0.0,3
-283.610512,100,258.628798,0.4900364265288783,2
-312.601312,100,261.702959,0.0,0
-317.012859,100,264.718691,0.0,6
-311.874811,100,267.599052,0.0,1
-295.678374,100,270.601195,0.0,0
-304.601058,100,273.712164,0.1212663840744542,2
-292.444591,100,276.945801,0.0,4
-317.545459,100,280.013364,0.0,2
-287.75902,100,282.972138,0.4735002107954793,3
-305.385328,100,286.093456,0.0,4
-300.638685,100,289.130875,0.0,3
-300.907901,100,292.290899,0.25271713851607314,0
-303.020363,100,296.113055,0.0,0
-301.150971,100,299.734995,0.19206902063677203,0
-303.859707,100,303.388622,0.0,0
-302.573139,100,307.172275,0.0,0
-296.14041,100,310.666431,0.0,2
-292.745058,100,314.419742,0.0,0
-297.330207,100,317.792959,0.0943929437962021,2
-310.587873,100,321.083367,0.12577087462264658,5
-290.56247,100,324.45005,0.0,0
-305.65924,100,327.79381,0.0,0
-294.27092,100,330.985553,0.0,0
-302.619908,100,334.05591,0.0,0
-294.491097,100,337.299506,0.2224520095519812,1
-301.404694,100,340.520983,0.0,1
-289.839303,100,343.640959,0.0,0
-300.324288,100,346.634177,0.0,0
-292.4223,100,349.762584,0.08353452704078947,0
-296.835531,100,352.747319,0.0,0
-301.168116,100,355.774906,0.0,2
-304.795044,100,358.732807,0.16385863068581974,0
-296.293986,100,361.757268,0.0,0
-305.021787,100,364.764614,0.0,0
-295.63915,100,367.795089,0.890265827218913,0
-294.287013,100,370.805329,0.0,0
-282.127864,100,373.924589,0.23638758049858696,0
-294.519715,100,376.952666,0.5366056863338151,0
-292.834764,100,380.027827,0.1157888269355282,0
-292.48513,100,383.044492,0.0,0
-298.587367,100,386.097468,0.0,1
-293.198776,100,389.075996,0.1054268919053863,0
-287.805067,100,392.226075,0.0,0
-283.509367,100,395.307799,0.10186413032527777,0
-292.561893,100,398.323895,1.2360315490292966,0
-297.109229,100,401.385725,0.0,0
-290.945521,100,404.462744,0.0,0
-298.800115,100,407.49344,0.18760170645891275,0
-290.759788,100,410.653743,0.0,0
-294.539235,100,413.798437,0.0,0
-304.431349,100,416.868253,0.06412089557052952,0
-286.340298,100,420.245281,0.01393553854051419,0
-294.952745,100,423.377939,0.0,0
-297.997826,100,426.555281,0.0,0
-291.227765,100,429.664867,0.053269886439662274,0
-291.336217,100,432.745641,0.0,0
-292.024924,100,435.734291,0.0,0
-295.579886,100,438.635975,1.1935921623085826,0
-289.714325,100,441.796362,0.0,0
-297.954892,100,444.87007,0.0,0
-287.760095,100,447.855192,0.0,0
-287.348609,100,450.92356,0.0,0
-311.277865,100,453.984044,0.0,0
-288.455125,100,456.992459,0.02492556038313302,0
-288.079848,100,460.046172,0.131594799509407,0
-303.722215,100,463.000929,0.0,1
-289.862889,100,466.071492,0.0,0
-285.286668,100,469.22805,0.0,0
-288.471551,100,472.508909,0.0,0
-284.700504,100,475.639238,0.0,0
-293.551755,100,478.708812,0.0,0
-309.073773,100,481.778397,0.0657309246620008,0
-288.137573,100,484.931593,0.0,0
-284.820497,100,487.962409,0.26824103656346876,0
-283.165432,100,491.108669,0.0,0
-291.757198,100,494.215742,0.0,0
-285.339486,100,497.270611,0.0,0
-288.151185,100,500.435983,0.0,1
-294.485276,100,503.496384,0.0,1
-295.04855,100,506.484486,0.0,0
-304.418646,100,509.512674,1.5169673510860725e-05,0
-285.475745,100,512.713518,0.059898112968780184,0
-307.004186,100,515.709218,0.03919748208840098,0
-283.92219,100,518.844052,0.0,1
-284.44794,100,521.957675,0.004853353931152604,0
-298.550634,100,524.94703,0.0,3
-280.802071,100,528.069434,0.0,0
-285.373586,100,531.152317,0.0,0
-281.784298,100,534.501969,0.0,0
-275.020057,100,538.256954,0.12210962707033444,1
-299.647849,100,541.398362,0.0,0
-282.336549,100,544.8254,0.22194681190528517,2
-315.868463,100,547.864896,0.0,0
-282.563505,100,551.067224,0.0,0
-281.853086,100,554.352094,0.06471921242015163,0
-311.04588,100,557.299712,0.0,0
-309.606716,100,560.279373,0.026453867105291975,0
-308.099424,100,563.25288,0.0,0
-282.632592,100,566.275199,0.0,0
-309.943262,100,569.176295,0.0,0
-289.444802,100,572.26021,0.0,1
-287.110378,100,575.291865,0.0,0
-309.177272,100,578.18208,0.0,0
-287.185792,100,581.27167,0.0,0
-304.664942,100,584.104083,0.09862170638298225,1
-290.050129,100,587.008672,0.0,0
-284.88824,100,590.303667,0.0998488036116938,1
-308.877397,100,593.266833,0.0,0
-287.198692,100,596.342006,0.0,0
-283.217452,100,599.491277,0.0,0
-289.319425,100,602.656175,0.0,0
-286.801328,100,605.716014,0.0,0
-309.524128,100,608.665737,0.13819886562660172,0
-285.244548,100,611.956005,0.0,0
-310.910365,100,615.15765,0.0,0
-290.89821,100,618.24222,1.1571858857287425,0
-285.154997,100,621.459726,0.13156904097399513,3
-283.484043,100,624.631306,0.024909751076076337,0
-308.553314,100,627.680431,0.0927047956473359,3
-288.586606,100,630.822168,0.1957651174173626,0
-285.581087,100,634.082636,0.0,0
-309.713915,100,637.102926,0.0,2
-286.267591,100,640.21186,0.0,0
-310.303727,100,643.116682,0.0,0
-282.295614,100,646.042191,0.0031715353970066503,1
-286.04594,100,649.094175,0.0,1
-282.353019,100,652.265894,0.13523793883807514,0
-288.179299,100,655.157283,1.1543768451801113,0
-304.391978,100,657.963299,0.16139982241402404,0
-284.643744,100,661.091011,0.0,0
-281.937267,100,664.475369,0.13236003054524012,0
-282.850767,100,667.574462,0.0,1
-300.376869,100,670.371367,0.0,1
-282.473242,100,673.61075,0.1662989852854859,2
-286.577803,100,676.73386,0.0,0
-285.896587,100,679.935159,0.0,0
-308.93523,100,682.960677,0.0,0
-294.758184,100,685.868301,0.0,1
-297.442124,100,688.827627,0.0,0
-288.47558,100,691.976797,0.026521451690049578,0
-286.331355,100,695.257907,0.0,0
-281.598059,100,698.472306,0.13555136228894737,3
-281.544233,100,701.693497,0.1433477569215146,0
-285.558034,100,704.906549,0.0,0
-303.714765,100,707.861001,0.0,1
-287.593577,100,711.174629,0.0,0
-285.053056,100,714.367108,0.0,0
-306.820024,100,717.244406,0.0,0
-293.821169,100,720.289373,0.0,2
-288.120777,100,723.522691,0.0,5
-286.588123,100,726.62925,0.0,0
-281.914253,100,729.813105,0.15961874185552985,0
-284.815898,100,733.054483,0.030241562470489085,2
-289.091965,100,736.050582,0.0,0
-288.982791,100,739.001751,0.0,0
-285.178722,100,742.060941,0.0,0
-286.106994,100,745.284328,0.0,0
-287.87404,100,748.282249,0.0,0
-283.233374,100,751.379367,0.0,0
-284.516296,100,754.429097,0.0,0
-285.802389,100,757.459511,0.06153080696399159,0
-285.132396,100,760.521679,0.0,0
-280.595281,100,763.775097,0.0,0
-284.845989,100,766.902601,0.0,0
-283.022939,100,770.252918,0.030786592712467885,0
-284.365175,100,773.581368,0.09460424838835782,0
-282.94423,100,776.725808,0.0,0
-285.460324,100,779.982537,0.2579767278643427,0
-309.378543,100,782.961442,0.06438086005597426,0
-284.014719,100,786.258013,0.0,0
-283.672265,100,789.370025,0.0,0
-281.025203,100,792.556404,0.10745717730218551,0
-283.202738,100,795.619575,0.0,0
-284.726065,100,798.570865,0.11379790952325006,0
-282.013082,100,801.619975,0.0,0
-286.520069,100,804.74263,0.0,1
-284.87738,100,807.969471,0.0,0
-280.918238,100,811.053006,0.0,0
-283.542196,100,814.179162,0.0,0
-280.077762,100,817.221527,0.06456362877749929,0
-283.249063,100,820.24467,0.07196268392867369,0
-280.424341,100,823.314398,0.0,0
-278.353963,100,826.513174,0.05528273383720172,0
-290.504746,100,829.465118,0.0,3
-285.169294,100,832.648143,0.0014695853098427433,0
-285.675746,100,835.742801,0.0,1
-281.259691,100,839.091386,0.0,0
-278.709408,100,842.486484,0.0,0
-284.923138,100,845.751278,0.0,0
-280.769753,100,848.991186,0.0,0
-275.384178,100,852.356871,0.0,0
-281.71254,100,855.609837,0.0,0
-280.392842,100,858.800447,0.03499479922850836,0
-278.459352,100,862.003464,0.125001553649591,0
-184.58027,100,865.361574,0.9650843714477159,1
-285.863858,100,868.507063,0.08519261770933269,0
-281.989133,100,871.671186,0.0,0
-279.189395,100,874.861695,0.0924013782992946,0
-284.382038,100,878.09371,0.0,0
-282.470433,100,881.259006,0.0,0
-282.903576,100,884.378869,0.10980545412949283,0
-289.999191,100,887.350792,1.0987096268993328,0
-278.035076,100,890.461036,0.06036680176185604,0
-279.250513,100,893.587936,0.09396062726169488,0
-282.895094,100,896.646622,0.0,0
-272.731851,100,899.363023,0.0,0
-286.440595,100,902.457855,0.0,0
-298.165306,100,905.446018,0.017564814806225758,0
-281.296562,100,908.508649,0.08250531355322105,0
-280.577944,100,911.701529,0.04235418829543869,0
-279.070644,100,914.920629,0.01987162074757163,0
-282.616925,100,917.976124,0.0,0
-279.852865,100,921.119778,0.042098182226645756,0
-314.484407,100,924.071486,0.11077531065361293,0
-284.416437,100,927.124458,0.0,0
-277.381042,100,930.232705,0.059741670828500355,0
-277.274704,100,933.42877,0.0,0
-276.801172,100,936.71866,0.0,0
-283.820505,100,939.888417,0.0,0
-283.316846,100,942.995026,0.0,0
-278.080741,100,946.386454,0.0,0
-277.091797,100,949.633786,0.1185803312868569,0
-285.017186,100,952.74576,0.0,0
-274.889765,100,956.147635,0.0,0
-289.209866,100,959.129904,0.0,0
-284.455122,100,962.174116,0.0,0
-279.206403,100,965.218726,0.0,0
-270.496005,100,968.398443,0.17402452530157975,0
-288.058782,100,971.423179,0.0,0
-287.277763,100,974.185916,0.9772052993797521,0
-291.666587,100,977.233566,0.0,1
-286.100383,100,980.260849,0.0,0
-275.357982,100,983.367542,0.0,0
-282.21214,100,986.488549,0.0,0
-290.261503,100,989.407572,0.0,0
-277.423822,100,992.518459,0.0,0
-287.545822,100,995.562701,0.0,0
-279.584476,100,998.450517,0.0,0
-288.345517,100,1001.523576,0.0,0
-284.071428,100,1004.53153,0.0,0
-310.641919,100,1007.378565,0.0,1
-281.915936,100,1010.623603,0.16288506719326926,0
-285.461681,100,1013.89808,0.0,0
-246.19569,100,1016.924884,0.2635075721449256,4
-284.249971,100,1020.031322,0.0,0
-286.950971,100,1023.280701,0.0,0
-280.541629,100,1026.809722,0.17607067563621884,0
-282.60039,100,1030.068406,0.0,1
-280.333181,100,1033.335905,0.05699225355931854,0
-281.699605,100,1036.595101,0.0,0
-286.237869,100,1039.791627,0.0,0
-280.058961,100,1042.893549,0.06194725001793924,1
-281.878155,100,1045.78484,1.0579934566550884,0
-279.757075,100,1048.924675,0.032415949377398515,0
-279.692178,100,1052.118385,0.033729352356921795,0
-281.230393,100,1055.232707,0.0,0
-290.35018,100,1058.313374,0.0,1
-279.450999,100,1061.519445,0.24954560697839964,1
-285.037928,100,1064.56031,0.003846172293011114,0
-275.683067,100,1067.774794,0.13398349148140684,0
-282.159528,100,1070.941055,0.0028477238385370344,0
-281.654581,100,1074.135538,0.0,0
-283.938912,100,1077.206556,0.0,0
-280.146379,100,1080.356168,0.006782912241735374,0
-316.705554,100,1083.349507,0.000739471924600719,0
-280.60999,100,1086.47199,0.07018822079779241,0
-282.918685,100,1089.552319,0.0,0
-280.120183,100,1092.442004,0.8457626626123512,0
-309.068571,100,1095.474189,0.1627398630338912,0
-317.000079,100,1098.570579,0.0,0
-277.946834,100,1101.540751,0.0,0
-284.235919,100,1104.77645,0.0,0
-315.487511,100,1107.863602,0.0,0
-280.00428,100,1110.987356,0.0,0
-278.201091,100,1114.190733,0.3002136753754088,0
-288.766234,100,1117.26215,0.0,0
-286.456669,100,1120.237621,1.2185830824057693,0
-281.836127,100,1123.396521,0.2399656208439505,0
-280.477812,100,1126.535822,0.0,0
-290.3401,100,1129.399797,0.0,0
-276.746596,100,1132.356421,0.0,0
-289.78018,100,1135.257042,0.0,0
-315.558196,100,1138.299155,0.0,0
-279.421873,100,1141.596295,0.06119302143797179,0
-285.173837,100,1144.969184,0.0,0
-277.902584,100,1148.07727,0.11584201915139403,0
-311.829868,100,1150.979463,0.08025759475855865,0
-277.048032,100,1154.146634,0.08688168618407242,0
-275.738952,100,1157.458017,0.08530014433685096,0
-196.478378,100,1160.589571,0.0,8
-280.329255,100,1163.789303,0.08104197367495168,0
-279.471601,100,1167.049265,0.10092909269931438,0
-285.372884,100,1170.287944,0.0,0
-315.265901,100,1173.203981,0.0,0
-305.241882,100,1176.198217,0.5849906069753547,1
-285.151559,100,1179.334505,0.0,0
-283.634642,100,1182.440812,0.13859247314289294,0
-303.729025,100,1185.414343,0.0,0
-281.777748,100,1188.66997,0.0819868053066201,0
-285.550273,100,1191.778511,0.0,0
-283.746944,100,1194.841904,0.0,0
-281.676232,100,1197.891369,0.0,0
-282.210232,100,1201.059072,0.02506999420378291,0
-282.292991,100,1204.094075,0.0,0
-288.061705,100,1207.139553,0.0,0
-284.960576,100,1210.334887,0.0,0
-288.280705,100,1213.330695,0.0,0
-283.818581,100,1216.418167,0.0,0
-287.467308,100,1219.443459,0.0,0
-284.412491,100,1222.49375,0.0,0
-311.606194,100,1225.533862,0.0,0
-307.526773,100,1228.459593,0.1132557608376147,0
-305.921602,100,1231.492432,0.21590888572473324,0
-287.594877,100,1234.505472,0.0,0
-312.868713,100,1237.443444,0.0,0
-288.676054,100,1240.669556,0.0,0
-282.425721,100,1243.835796,0.0,0
-282.55769,100,1247.062811,0.0,0
-280.479469,100,1250.222249,0.0,0
-276.94032,100,1253.425106,0.18620997469777223,1
-287.287249,100,1256.606484,0.0,0
-309.779536,100,1259.438829,0.0,0
-308.243864,100,1262.243243,0.07716366127884834,0
-288.873604,100,1265.293447,0.0,0
-307.05683,100,1268.218413,0.1601225774236475,0
-305.240565,100,1271.205314,0.21058928799420262,0
-292.863022,100,1274.167862,0.0,0
-303.315839,100,1276.937576,0.0,0
-292.610492,100,1279.989182,0.0,0
-278.086222,100,1283.095733,0.0,0
-290.285457,100,1286.039388,0.0,0
-309.140942,100,1288.916535,0.20446640486763787,0
-307.311477,100,1291.926067,0.0,0
-287.667885,100,1295.085032,0.0,0
-290.555406,100,1298.207997,0.0,0
-288.329241,100,1301.289684,0.0,0
-287.829817,100,1304.373044,0.0,0
-290.054782,100,1307.455599,0.0,0
-282.719122,100,1310.613762,0.0,0
-286.810858,100,1313.698017,0.0,0
-226.995806,100,1316.771754,1.0631289099518997,0
-288.375117,100,1319.905884,0.0,0
-284.531481,100,1323.328427,0.0,0
-287.74756,100,1326.488755,0.0,0
-200.478125,100,1329.919751,1.0023116419999734,1
-297.544932,100,1332.860696,0.0,0
-311.999772,100,1335.769494,0.0,0
-285.430343,100,1338.777272,0.0,0
-275.681605,100,1341.879117,0.04230927132352627,0
-275.209237,100,1345.041013,0.08510079554071293,0
-287.271955,100,1348.080214,0.0,0
-287.737718,100,1351.452101,0.0,0
-300.809108,100,1354.584765,0.23787617258045127,0
-288.623784,100,1357.473391,0.0,0
-292.916185,100,1360.552684,0.0,0
-289.71908,100,1363.676795,0.0,0
-292.738475,100,1366.738891,0.0,0
-293.285903,100,1369.798847,0.0,0
-294.654474,100,1373.025906,0.0,0
-302.647074,100,1375.99357,0.11193768389149221,0
-292.318365,100,1379.156778,0.0,0
-289.443232,100,1382.311203,0.0,0
-292.772994,100,1385.484903,0.0,0
-285.432456,100,1388.711105,0.0,0
-291.422917,100,1391.897298,0.0,0
-290.218267,100,1395.109198,0.0,0
-283.275936,100,1398.31199,0.0,0
-293.272254,100,1401.450824,0.0,0
-287.381904,100,1404.608553,0.0,0
-286.510398,100,1407.717085,0.0,0
-284.547688,100,1410.658103,0.0,0
-301.094929,100,1413.514789,0.21334774282893731,0
-292.292789,100,1416.653336,0.0,0
-293.613268,100,1419.587168,0.0,0
-303.497577,100,1422.466992,0.0,0
-269.818529,100,1425.364164,0.810623726598121,0
-290.437015,100,1428.302311,0.0,0
-285.771478,100,1431.403074,0.2743522693402623,0
-279.11065,100,1434.744053,0.0,0
-284.764087,100,1437.972442,0.0,0
-308.454256,100,1440.96229,0.0,0
-306.639448,100,1444.162384,0.0,0
-288.426498,100,1447.644469,0.0,0
-286.746471,100,1451.056428,0.0,0
-288.982934,100,1454.378305,0.0,0
-284.719669,100,1457.538404,0.0,0
-287.778435,100,1460.692246,0.0,0
-303.835954,100,1463.725503,0.0,0
-288.571694,100,1467.023808,0.0,0
-281.564349,100,1470.476459,0.0,0
-285.823875,100,1473.603952,0.0,0
-288.527382,100,1476.566579,0.0,0
-282.360897,100,1479.768501,0.0,0
-197.498925,100,1482.894794,0.962543211870443,0
-282.508519,100,1486.057274,0.0,0
-282.188981,100,1489.172799,0.0,0
-290.580511,100,1492.321213,0.0,0
-285.707004,100,1495.383529,0.0,0
-284.157829,100,1498.572426,0.0,0
-272.40733,100,1502.037903,0.12315611977366439,0
-289.527785,100,1505.239812,0.0,0
-284.75051,100,1508.560647,0.0,0
-287.985521,100,1511.698136,0.0,0
-288.888838,100,1514.965587,0.0,0
-307.04576,100,1517.94095,0.0,0
-286.533494,100,1521.195468,0.0,0
-287.610078,100,1524.32566,0.0,0
-307.356987,100,1527.353046,0.054064817356662964,0
-286.028967,100,1530.801403,0.0,0
-286.004628,100,1533.900097,0.0,0
-304.217464,100,1536.984216,0.0,0
-287.138881,100,1540.239639,0.0,0
-283.235269,100,1543.687333,0.0,0
-256.090289,100,1546.683404,0.8870059964127325,0
-286.166524,100,1549.925098,0.0,0
-274.681026,100,1553.283715,0.0,0
-272.594383,100,1556.675018,0.0,0
-285.596785,100,1559.857998,0.0,0
-285.01898,100,1562.853899,0.0,0
-283.575847,100,1566.029802,0.0,0
-275.482077,100,1569.231882,0.0,0
-276.352196,100,1572.442821,0.0,0
-276.106293,100,1575.672531,0.07752392403736755,0
-287.150309,100,1578.695609,0.0,0
-286.397456,100,1581.831779,0.0,0
-286.965709,100,1584.893179,0.0,0
-269.432566,100,1587.890138,2.564484556519297,0
-279.410277,100,1591.123873,0.0,0
-286.937245,100,1594.368668,0.0,0
-288.406311,100,1597.618445,0.0,0
-284.410172,100,1600.741198,0.0,0
-307.794187,100,1603.797804,0.0715185806967118,0
-285.999652,100,1606.883805,0.0,0
-282.429214,100,1610.06906,0.0,0
-309.839865,100,1613.106926,0.0,0
-282.550958,100,1616.522485,0.0,0
-285.973485,100,1619.591293,0.0,0
-289.066618,100,1622.890091,0.0,0
-286.631056,100,1626.012433,0.0,0
-283.765266,100,1629.205527,0.0,0
-273.558899,100,1632.366842,0.0,0
-280.94579,100,1635.523213,0.08645264988194315,0
-287.797737,100,1638.530715,0.0,0
-288.494671,100,1641.614227,0.0,0
-286.375801,100,1644.693109,0.0,0
-280.742423,100,1647.696948,0.0,0
-286.483973,100,1650.795374,0.0,0
-286.595955,100,1653.919268,0.0,0
-281.590987,100,1656.956997,0.0,0
-282.1615,100,1660.012845,0.0,0
-283.748256,100,1663.119387,0.0,0
-284.646073,100,1666.333668,0.0,0
-288.111456,100,1669.539903,0.0,0
-285.59223,100,1672.735459,0.0,0
-285.258858,100,1675.954201,0.05192882397781329,0
-283.547076,100,1679.143844,0.0,0
-280.025407,100,1682.34823,0.0,0
-274.177427,100,1685.694719,0.000324186416814825,0
-280.710604,100,1689.05488,0.0,0
-300.622938,100,1692.058599,0.19271618531985418,0
-278.320251,100,1695.386706,0.0,0
-285.478535,100,1698.492114,0.0,0
-288.234357,100,1701.734704,0.0,1
-286.705436,100,1704.882161,0.0,0
-309.73743,100,1707.743994,0.0,1
-282.800255,100,1710.732327,0.0,0
-287.88822,100,1713.779565,0.0,0
-275.856342,100,1716.958337,0.0,0
-280.330108,100,1720.108766,0.0,0
-285.305387,100,1723.2691,0.0,0
-282.531268,100,1726.43345,0.0,0
-279.733837,100,1729.565735,0.11567889578210579,0
-284.570899,100,1732.663204,0.0,0
-272.480651,100,1736.065308,0.16001338143357555,0
-282.888531,100,1739.28559,0.0,0
-281.822398,100,1742.495507,0.0,0
-283.702267,100,1746.169335,0.0,0
-280.355465,100,1749.811182,0.08658962699795511,0
-279.414266,100,1753.164329,0.0,0
-282.211833,100,1756.331915,0.0,0
-280.811664,100,1759.558416,0.0,0
-275.792066,100,1762.886492,0.1100831873861918,0
-283.963811,100,1766.103207,0.0,0
-281.728993,100,1769.287365,0.0,0
-283.791722,100,1772.64628,0.0,0
-281.942954,100,1775.919452,0.0,0
-282.208289,100,1779.175601,0.0,0
-276.936357,100,1782.40137,0.0,0
-282.78028,100,1785.710371,0.0,0
-281.914177,100,1788.994392,0.0,0
-282.490188,100,1792.200649,0.0,0
-284.533126,100,1795.434685,0.0,0
-280.788134,100,1798.651521,0.0,0
-286.121239,100,1801.761222,0.0,0
-280.687172,100,1804.790465,0.0,0
-280.187969,100,1807.869524,0.0,0
-279.67712,100,1810.931158,0.0,0
-283.773163,100,1814.025354,0.030516800519496512,0
-286.420244,100,1817.182947,0.0,0
-284.061611,100,1820.322502,0.0,0
-280.273466,100,1823.333452,0.16141951651879122,0
-283.557441,100,1826.417067,0.08835639045092708,0
-281.314137,100,1829.594717,0.03794905658951378,0
-280.994225,100,1832.907236,0.0,0
-282.880315,100,1836.070203,0.0,0
-281.928965,100,1839.145131,0.0,0
-276.25661,100,1842.56935,0.09810857440510733,0
-276.619378,100,1846.108538,0.13480314543462724,0
-283.354432,100,1849.232828,0.0,0
-284.583093,100,1852.437324,0.0,0
-283.846526,100,1855.738262,0.0,0
-284.40379,100,1858.878437,0.0,0
-284.019888,100,1862.058315,0.013254687581680847,0
-283.371231,100,1865.285813,0.1600865432154501,0
-278.705995,100,1868.511653,0.11227710096170133,0
-285.122521,100,1871.639244,0.0,0
-280.469054,100,1874.803776,0.08211325281052305,0
-283.470122,100,1878.130387,0.0,0
-269.180221,100,1881.437513,0.21093910369281058,2
-275.428368,100,1884.26113,0.9437156016045721,0
-278.493498,100,1887.173847,0.9287043818327645,0
-281.382517,100,1890.442628,0.0,0
-284.732985,100,1893.509176,0.0,0
-280.03822,100,1896.594875,0.0,0
-282.939395,100,1899.768995,0.04418819300792462,0
-279.955558,100,1902.875729,0.0,0
-275.609016,100,1905.946704,0.2430918921524843,0
-284.877563,100,1909.20444,0.0,0
-278.42577,100,1912.389527,0.2790236376651318,0
-277.983337,100,1915.501781,0.10973739215408874,0
-278.324475,100,1918.910335,0.09104587391502553,0
-287.48078,100,1922.171317,0.0,0
-306.047917,100,1925.206029,0.0,0
-285.605183,100,1928.463555,0.0,0
-282.268779,100,1931.724708,0.0,0
-285.52649,100,1935.038509,0.005714976519573302,0
-286.577937,100,1938.257576,0.0,0
-286.381534,100,1941.575799,0.0,0
-310.804845,100,1944.581849,0.0,0
-299.932104,100,1947.481461,0.0,0
-278.716964,100,1950.578531,0.09598111402365285,0
-283.835007,100,1953.733356,0.0,0
-281.659185,100,1956.823132,0.0,0
-285.380227,100,1960.017228,0.01994377939028865,0
-310.126506,100,1962.866416,0.0,0
-287.563314,100,1965.870505,0.0,0
-309.234992,100,1968.777069,0.0,0
-280.930063,100,1971.990131,0.08693536995434092,0
-281.740648,100,1975.149834,0.08944114339040386,0
-288.274185,100,1978.287023,0.03484718974685966,0
-288.622402,100,1981.326864,0.0,0
-280.240422,100,1984.710436,0.0,0
-278.881319,100,1987.889372,0.0,0
-283.475207,100,1990.984781,0.0,0
-284.681376,100,1994.063473,0.0025234686852653176,0
-283.65524,100,1997.227846,0.0,0
-280.081581,100,2000.58004,0.0,0
-284.742502,100,2003.907268,0.0,0
-282.998179,100,2007.1195,0.0,0
-281.561144,100,2010.340428,0.04523539984787101,0
-277.912943,100,2013.862997,0.08973428891915886,0
-281.084757,100,2017.224076,0.0,0
-283.473135,100,2020.539429,0.0,0
-280.521901,100,2023.89175,0.06214567719096059,0
-282.454793,100,2027.219995,0.0012006988063877147,0
-282.020502,100,2030.452178,0.035807739496215706,0
-284.70883,100,2033.589393,0.0,0
-282.510007,100,2036.61082,0.0,0
-283.894029,100,2039.879533,0.0,0
-281.555841,100,2042.99704,0.0,0
-287.575807,100,2046.195432,0.04811798403588159,0
-279.97359,100,2049.499201,0.0,0
-279.850612,100,2052.858325,0.09991023233589258,0
-278.255957,100,2056.112907,0.0,0
-282.396493,100,2059.209834,0.0,0
-284.699374,100,2062.437983,0.0,0
-288.700108,100,2065.591845,0.03624352874973663,0
-284.439374,100,2068.922679,0.0,0
-310.041521,100,2071.899633,0.04970587583127876,0
-282.554329,100,2075.209464,0.027893266950806576,0
-281.932905,100,2078.493587,0.0389879507357824,0
-284.550509,100,2081.680463,0.0,0
-309.962475,100,2084.649263,0.0,0
-283.47102,100,2087.965258,0.08359060708889425,0
-283.415776,100,2091.229279,0.0,0
-280.632977,100,2094.346449,0.0,0
-283.218674,100,2097.4395,0.023653247789234905,0
-279.644842,100,2100.65458,0.1126881156895361,0
-280.977438,100,2103.777134,0.0,0
-285.220456,100,2106.889128,0.0,0
-283.54917,100,2110.025935,0.0,0
-291.242194,100,2113.028634,0.0,0
-278.249367,100,2116.444319,0.11131653271039947,2
-310.811066,100,2119.31881,0.0,0
-284.193162,100,2122.578552,0.0,0
-275.865571,100,2125.726638,0.4153109918026115,0
-266.157117,100,2129.019493,0.44336199188919934,0
-283.412062,100,2132.274207,0.0,0
-286.565876,100,2135.739959,0.0,0
-284.465752,100,2138.946782,0.0,0
-283.361916,100,2142.13541,0.0,0
-285.982342,100,2145.420897,0.0,0
-284.057544,100,2148.828638,0.0,0
-279.040199,100,2152.351827,0.0,0
-279.559613,100,2155.608029,0.0,0
-277.261821,100,2158.788798,0.0,0
-281.799862,100,2162.013436,0.0,0
-284.650672,100,2165.318701,0.09997281346310913,0
-278.140864,100,2168.708042,0.10508142663758148,0
-282.305434,100,2172.204675,0.0474574344320737,0
-283.617252,100,2175.382073,0.0,0
-283.361491,100,2178.464528,0.0,0
-308.876132,100,2181.344067,0.008519671889590831,0
-276.982658,100,2184.703457,0.0,0
-278.678645,100,2187.788699,0.07513568679565526,0
-289.528973,100,2190.856018,0.0,0
-284.422943,100,2193.981948,0.0,0
-284.269606,100,2197.053968,0.0,0
-285.601849,100,2200.209189,0.0,0
-277.527922,100,2203.323368,0.2334448785468562,0
-281.679165,100,2206.451551,0.0,0
-281.92732,100,2209.633306,0.11251982247558392,0
-284.118613,100,2212.80661,0.0,0
-279.17873,100,2215.872856,0.07196994499202307,0
-284.272239,100,2219.116557,0.0,0
-307.675039,100,2222.131778,0.061915406643683654,0
-282.563563,100,2225.406628,0.10640266724985609,0
-278.248464,100,2228.728183,0.06836178186252294,0
-279.907064,100,2231.990508,0.0,0
-281.026399,100,2235.232242,0.06188343326214615,0
-280.251341,100,2238.372491,0.0,0
-284.338508,100,2241.654,0.0,0
-282.980121,100,2244.928139,0.0,0
-281.806555,100,2247.949239,0.0,0
-274.74853,100,2251.059604,0.37273379246640653,0
-282.660098,100,2254.352631,0.030554746052714653,0
-281.172096,100,2257.440778,0.0,0
-280.752565,100,2260.513324,0.0,0
-275.732192,100,2263.735165,0.12270876191174805,0
-277.955727,100,2266.796273,0.05033753856048654,0
-280.461938,100,2269.858167,0.0,0
-279.072468,100,2273.051125,0.022438496161949765,0
-309.46817,100,2276.029236,0.0,0
-276.401487,100,2279.320971,0.09996650539939454,0
-291.501978,100,2282.330058,0.0,0
-283.914153,100,2285.471733,0.0,0
-281.776846,100,2288.544893,0.0,0
-279.180086,100,2291.653039,0.0,0
-277.8205,100,2294.990378,0.0,0
-280.816336,100,2298.120638,0.013041712695211642,0
-279.305513,100,2301.412736,0.0,0
-273.655484,100,2304.698194,0.1799630733662626,0
-272.108818,100,2308.041022,0.17546602111206502,0
-280.389331,100,2311.347358,0.0,0
-278.944952,100,2314.445813,0.0,0
-283.094421,100,2317.618888,0.0,0
-283.282423,100,2320.801656,0.0,0
-202.830807,100,2323.686168,0.8591189604920955,0
-276.772635,100,2326.727209,0.0,0
-278.557194,100,2329.838575,0.0,0
-283.906005,100,2332.883998,0.018905269465523403,0
-280.232299,100,2335.991534,0.0,0
-273.872451,100,2339.172259,0.0,0
-226.861308,100,2342.294782,0.5264834546654309,0
-278.694267,100,2345.523153,0.0,0
-276.925354,100,2348.650903,0.0,0
-283.686082,100,2351.914059,0.08340654512731549,0
-281.481177,100,2355.288141,0.0,0
-285.324597,100,2358.386824,0.0,0
-281.909534,100,2361.505511,0.09104475846765597,0
-278.111768,100,2364.787325,0.0,0
-282.371631,100,2368.096979,0.0,0
-280.187952,100,2371.34958,0.0,0
-277.791278,100,2374.648153,0.480855916243856,0
-280.965481,100,2377.871988,0.04325279949440785,0
-284.705565,100,2381.080983,0.0,0
-279.498351,100,2384.279341,0.0,0
-275.260346,100,2387.452781,0.0,0
-281.880339,100,2390.607032,0.0,0
-281.63342,100,2393.735814,0.0,0
-278.782032,100,2396.91205,0.0,0
-282.316345,100,2399.929583,0.0,0
-281.745099,100,2403.050907,0.0,0
-280.257744,100,2406.161326,0.07747840617186623,0
-280.74433,100,2409.332178,0.0,0
-279.839999,100,2412.414976,0.15883297050973863,0
-279.738015,100,2415.437492,0.10613395579267676,0
-284.686123,100,2418.572697,0.0,0
-283.963313,100,2421.73967,0.0010016768969517956,0
-280.786438,100,2424.902159,0.006500213011828758,0
-280.237409,100,2428.025406,0.0,0
-278.57368,100,2431.085238,0.0,0
-279.536058,100,2434.207252,0.1490047246935196,0
-279.441129,100,2437.24843,0.1263715037557014,0
-287.246557,100,2440.498425,0.0,0
-285.142515,100,2443.771201,0.0,0
-282.020152,100,2447.039767,0.006525534519772987,0
-284.88698,100,2450.289484,0.0,0
-280.066473,100,2453.520076,0.0,0
-280.226567,100,2456.798743,0.0,0
-281.410412,100,2460.034777,0.019954032817748744,0
-279.768564,100,2463.27415,0.1250841974353367,0
-280.539885,100,2466.547608,0.0,0
-283.148009,100,2469.722779,0.0991461246782061,0
-309.953227,100,2472.667238,0.12123603338134813,0
-282.858599,100,2475.8903,0.020406220819792854,0
-282.568428,100,2478.989736,0.0,0
-275.575002,100,2482.092756,0.054645516229938185,0
-279.624737,100,2485.289834,0.008740855071625999,0
-278.976897,100,2488.317196,0.04292089232323827,0
-281.206529,100,2491.475174,0.0722607911742193,0
-310.059552,100,2494.42094,0.0,0
-219.631035,100,2497.709725,0.7455805243527824,0
-280.579116,100,2500.916234,0.0,0
-285.239427,100,2504.126173,0.0,0
-313.4259,100,2507.070547,0.0,0
-276.516402,100,2510.167987,0.12532380733022636,0
-278.393177,100,2513.240737,0.045690077255759035,0
-278.996132,100,2516.323635,0.0,0
-279.184795,100,2519.379445,0.0,0
-280.697388,100,2522.587792,0.0,0
-280.870046,100,2525.902798,0.0,0
-274.939111,100,2529.272836,0.1666428728934674,0
-281.132259,100,2532.560093,0.0,0
-277.919417,100,2535.789808,0.0,0
-279.187669,100,2538.975304,0.0,0
-281.642323,100,2542.18095,0.0,0
-286.499448,100,2545.630169,0.0,0
-277.462075,100,2549.096136,0.0,0
-273.901965,100,2552.319095,0.2984666245914639,0
-283.304092,100,2555.392526,0.0,0
-282.587813,100,2558.665128,0.0,0
-284.302698,100,2561.713537,0.0,0
-280.695227,100,2564.90895,0.0,0
-308.344277,100,2567.929428,0.1558580074829259,0
-215.500387,100,2570.970196,0.49042931119139765,0
-285.585669,100,2574.062387,0.0,0
-284.009746,100,2577.117848,0.0,0
-282.259642,100,2580.136883,0.0,0
-280.915069,100,2583.124448,0.0,0
-313.338286,100,2585.983847,0.08882074515655192,0
-282.441396,100,2589.108093,0.0,0
-284.545512,100,2592.237058,0.0,0
-283.227504,100,2595.322965,0.0,0
-285.428811,100,2598.436446,0.0,0
-283.48519,100,2601.552173,0.05195789343765927,0
-282.928576,100,2604.799533,0.0,0
-282.574351,100,2608.059069,0.001385965226078619,0
-309.015021,100,2611.131492,0.0,0
-304.973327,100,2614.198306,0.062481728180299394,0
-276.4591,100,2617.513104,0.0,0
-283.540724,100,2620.689544,0.0,0
-282.939092,100,2623.887357,0.0,0
-281.162214,100,2627.008101,0.0,0
-284.9471,100,2630.000656,0.0,0
-284.294063,100,2633.17626,0.0,0
-284.588582,100,2636.130129,0.0,0
-286.518636,100,2639.250926,0.0,0
-281.362562,100,2642.276068,0.0,0
-284.699549,100,2645.313942,0.0,0
-205.71816,100,2648.598779,0.9850637354732725,0
-281.946657,100,2651.749964,0.0,0
-285.95445,100,2655.079051,0.045252676791762814,0
-287.0931,100,2658.307654,0.0,0
-284.160206,100,2661.503822,0.0,0
-288.413382,100,2664.725679,0.0,0
-283.485979,100,2667.908948,0.0,0
-282.111151,100,2671.127917,0.0,0
-285.033571,100,2674.319984,0.0,0
-282.304065,100,2677.504183,0.0,0
-288.54485,100,2680.718402,0.0,0
-271.02358,100,2684.126643,0.16853316454558395,0
-285.241974,100,2687.312647,0.0,0
-274.998762,100,2690.461426,0.0,0
-284.271655,100,2693.586986,0.0,0
-278.761985,100,2696.71403,0.0,0
-286.064563,100,2699.761376,0.0,0
-285.958079,100,2702.909146,0.0,0
-208.17715,100,2706.297509,0.897986779462293,0
-283.019563,100,2709.433908,0.0,0
-286.817792,100,2712.486921,0.0,0
-271.228005,100,2715.645689,0.21027496506789103,0
-285.904063,100,2718.754112,0.0,0
-282.665032,100,2721.809873,0.0,0
-283.726247,100,2725.043414,0.0,0
-284.48996,100,2728.134829,0.0,0
-284.626574,100,2731.131356,0.009326407399923953,0
-285.330248,100,2734.277616,0.0,0
-281.625616,100,2737.609167,0.0,0
-283.276075,100,2740.748268,0.0,0
-272.110251,100,2744.139503,0.13815893027780707,0
-283.627784,100,2747.295803,0.042026740947024854,0
-271.276674,100,2750.729872,0.0,0
-278.577801,100,2754.072577,0.0,0
-280.956639,100,2757.346428,0.0,0
-284.497527,100,2760.519859,0.0,0
-280.584977,100,2763.762296,0.0,0
-211.181522,100,2767.165526,0.8375316715601288,0
-288.049823,100,2770.175545,0.0,0
-272.116353,100,2773.294152,0.0,0
-285.732211,100,2776.285546,0.0,0
-274.321515,100,2779.576713,0.0,0
-287.837303,100,2782.67214,0.0,0
-286.367175,100,2785.853087,0.0,0
-281.635736,100,2788.840638,0.0,0
-285.364829,100,2791.79437,0.0,0
-287.287796,100,2794.97155,0.0,0
-284.54454,100,2798.020657,0.0,0
-286.029334,100,2801.154389,0.0,0
-287.112433,100,2804.23279,0.0,0
-278.79742,100,2807.578027,0.0,0
-253.98319,100,2810.935794,0.5794176422153485,0
-273.361724,100,2814.113199,0.18083169567004004,0
-282.958369,100,2817.214505,0.03473988067060774,0
-279.565925,100,2820.367306,0.0,0
-276.409919,100,2823.673286,0.0,0
-274.023999,100,2827.063711,0.0,0
-282.235295,100,2830.093688,0.0,0
-280.876045,100,2833.410557,0.0,0
-281.493216,100,2836.561805,0.0,0
-288.441111,100,2839.724843,0.0,0
-283.807021,100,2842.918839,0.0,0
-278.569496,100,2846.026369,0.0,0
-276.088319,100,2849.092031,0.29716248820560287,0
-280.972219,100,2852.22053,0.11822586608819452,0
-278.764619,100,2855.488657,0.12845179547447796,0
-283.22927,100,2858.611864,0.0,0
-276.256018,100,2861.866273,0.07364703508072762,0
-284.553684,100,2865.054254,0.0,0
-274.066386,100,2868.324621,0.9741949918957333,0
-276.587178,100,2871.580054,0.06117144445518073,0
-283.784671,100,2874.734118,0.0,0
-274.028758,100,2877.910846,0.0,0
-211.03773,100,2881.144973,0.984646501260889,0
-284.950892,100,2884.211433,0.0,0
-285.217925,100,2887.345554,0.0,0
-287.299139,100,2890.393763,0.0,0
-284.242041,100,2893.64369,0.0,0
-211.942581,100,2897.057549,0.9882570661299714,0
-284.738334,100,2900.349313,0.0,0
-309.380186,100,2903.322061,0.0,0
-283.251363,100,2906.762614,0.0,0
-287.667614,100,2910.020904,0.0,0
-273.787545,100,2913.263876,0.025199776313872827,0
-210.98996,100,2916.965943,0.9599328748226148,0
-286.523158,100,2920.294607,0.0,0
-278.239646,100,2923.624635,0.09262839075286752,0
-279.915546,100,2926.795793,0.0,0
-279.584263,100,2929.989016,0.10429167968942353,0
-283.213112,100,2933.138008,0.0,0
-295.004515,100,2935.931491,0.07202702679580002,0
-283.716621,100,2938.980805,0.0,0
-273.917119,100,2942.196959,0.09619025723412465,0
-281.358403,100,2945.522828,0.0,0
-284.301148,100,2948.756239,0.0,0
-283.369205,100,2951.930673,0.0,0
-277.033628,100,2955.125688,0.0,0
-268.407601,100,2958.558098,0.0,0
-204.258538,100,2962.084662,0.9741326073366663,0
-279.59526,100,2965.220902,0.0,0
-307.902505,100,2968.219164,0.0,0
-285.674641,100,2971.518041,0.0,0
-275.600169,100,2974.660247,0.0,0
-283.936024,100,2977.86194,0.0,0
-285.150198,100,2981.066498,0.0,0
-283.669946,100,2984.441395,0.0,0
-280.354462,100,2987.73429,0.0,0
-279.117385,100,2991.025236,0.02931660303232372,0
-277.726747,100,2994.364076,0.0,0
-281.809159,100,2997.701381,0.0,0
-285.657494,100,3000.892207,0.0,0
-281.815782,100,3003.951974,0.0,0
-284.408278,100,3007.210552,0.0,0
-279.413701,100,3010.608419,0.0,0
-215.967361,100,3014.032151,0.8380091287100784,0
-281.308884,100,3017.103857,0.0,0
-282.394895,100,3020.11232,0.0,0
-275.474614,100,3023.153198,0.10838094360554297,0
-286.222277,100,3026.308913,0.0,0
-279.848395,100,3029.514433,0.0,0
-272.757377,100,3032.59305,0.0,0
-278.837845,100,3035.856572,0.0,0
-277.086068,100,3039.106645,0.0,0
-283.428227,100,3042.300167,0.0,0
-282.028799,100,3045.347257,0.0,0
-273.019064,100,3048.432492,0.07368072890122056,0
-215.774613,100,3052.008232,0.9246904392635753,0
-273.838569,100,3055.643243,0.0,0
-218.514057,100,3059.156667,0.9713958761273341,0
-280.428383,100,3062.538733,0.05615583319895598,0
-269.451731,100,3065.775112,0.0,0
-284.497966,100,3069.127748,0.0,0
-272.898524,100,3072.151993,1.0125657844334408,0
-276.230271,100,3075.416233,0.0,0
-282.265166,100,3078.673892,0.023872692711427865,0
-283.43294,100,3082.033323,0.0,0
-286.53737,100,3085.165037,0.0,0
-279.63104,100,3088.25193,0.0,0
-284.432452,100,3091.478466,0.0,0
-283.111685,100,3094.621235,0.0,0
-284.967923,100,3097.631783,0.0,0
-285.826559,100,3100.921088,0.006750427814931164,0
-283.921324,100,3104.058284,0.0,0
-284.474349,100,3107.268425,0.0,0
-287.726807,100,3110.467975,0.0,0
-283.139381,100,3113.699494,0.0,0
-279.670851,100,3116.862283,0.0,0
-278.126296,100,3120.038039,0.0,0
-273.793224,100,3123.451191,0.0,0
-264.333354,100,3126.89521,0.0,0
-284.162088,100,3130.322572,0.0,0
-281.003574,100,3133.863377,0.0,0
-287.39929,100,3137.203837,0.0,0
-195.617666,100,3140.478969,0.9714367374646824,0
-286.417214,100,3143.754333,0.0,0
-291.169726,100,3146.57816,0.0,0
-283.506309,100,3149.82268,0.0,0
-281.337915,100,3153.039225,0.0,0
-281.279244,100,3156.464417,0.06205332286004742,0
-265.088824,100,3159.732657,0.0,0
-281.83487,100,3162.830821,0.0,0
-278.530436,100,3165.860836,0.0,0
-285.095006,100,3169.007686,0.0,0
-287.043095,100,3172.090726,0.0,0
-270.101671,100,3175.209987,0.0,0
-283.369586,100,3178.131584,0.0,0
-273.905744,100,3181.325705,0.0,0
-222.0712,100,3184.528269,0.8654188918293392,0
-309.421098,100,3187.375606,0.0,0
-285.645208,100,3190.344403,0.0,0
-282.94742,100,3193.509308,0.0,0
-308.836184,100,3196.423759,0.04787093395645976,0
-271.851918,100,3199.542794,0.0,0
-285.024565,100,3202.675482,0.0,0
-281.539061,100,3205.948834,0.0,0
-260.803841,100,3209.13247,0.0,0
-271.668601,100,3212.528657,0.185863997430064,0
-226.351924,100,3215.782556,0.8154796535304704,0
-275.687409,100,3219.199915,0.1018553837095741,0
-286.057859,100,3222.368811,0.0,0
-288.095029,100,3225.490542,0.0,0
-195.582802,100,3228.560221,1.0182144845351908,0
-267.89295,100,3231.729266,0.10557801741803868,0
-287.891981,100,3234.853654,0.0,0
-289.141785,100,3237.872576,0.0,0
-285.494569,100,3241.017811,0.0,0
-286.858884,100,3244.096466,0.0,0
-286.227411,100,3247.174621,0.0,0
-283.82482,100,3250.258678,0.0,0
-289.369555,100,3253.450705,0.0,0
-284.323475,100,3256.562929,0.0,0
-305.542034,100,3259.585124,0.13087497923918923,0
-274.360295,100,3262.906538,0.0,0
-308.221744,100,3265.840776,0.0,0
-267.034376,100,3269.367745,0.08555148397730962,0
-288.052358,100,3272.628023,0.0,0
-308.385797,100,3275.700539,0.03694146497338197,0
-308.645313,100,3278.638434,0.0,0
-281.773339,100,3282.043477,0.0,0
-265.140292,100,3285.40125,0.1147166462753535,0
-273.76792,100,3288.605937,0.0,0
-285.641423,100,3291.713113,0.0,0
-282.176417,100,3295.169611,0.0,0
-265.951859,100,3298.395824,0.0,0
-278.264149,100,3301.498544,0.0,0
-277.091254,100,3304.779225,0.0,0
-286.526981,100,3307.801125,0.0,0
-284.670554,100,3310.741751,0.0,0
-278.783087,100,3313.885399,0.0,0
-285.901621,100,3316.978543,0.0,0
-281.044987,100,3320.073232,0.7501124338325453,0
-279.555298,100,3323.395274,0.0,0
-284.662898,100,3326.448733,0.0,0
-286.279204,100,3329.56365,0.0,0
-222.169765,100,3332.673349,0.9238453587327494,0
-286.216157,100,3335.887028,0.0,0
-286.378263,100,3338.890478,0.0,0
-307.529899,100,3341.732105,0.0,0
-283.858967,100,3344.77003,0.0,0
-259.922817,100,3347.844354,0.3966393437150837,0
-286.266452,100,3350.841701,0.0,0
-286.89112,100,3353.784802,0.0,0
-289.156146,100,3356.78427,0.03443189200073374,0
-269.431317,100,3359.839558,0.0,0
-282.642433,100,3362.762871,0.0,0
-288.34636,100,3365.779443,0.0,0
-284.843586,100,3368.747642,0.0,0
-219.18365,100,3371.935491,0.8559109068819107,0
-277.808295,100,3375.204019,0.0,0
-273.969055,100,3378.482823,0.18856614289055937,0
-204.781355,100,3381.825128,0.9658834319097295,0
-270.178093,100,3384.92091,0.0,0
-276.90376,100,3387.926045,0.0,0
-262.298368,100,3391.044619,0.0,0
-276.6321,100,3394.287413,0.08024359419632063,0
-272.253563,100,3397.448797,0.0,0
-265.367656,100,3400.49955,0.0,0
-283.177941,100,3403.617322,0.0,0
-288.938006,100,3406.694487,0.0,0
-279.443521,100,3409.799951,0.0,0
-214.384101,100,3413.013026,0.8693569728776923,0
-286.003553,100,3415.979702,0.0,0
-288.103132,100,3419.029713,0.0,0
-286.949221,100,3421.927727,0.0,0
-255.634774,100,3424.891025,0.0,0
-297.424878,100,3427.663593,1.0799955383461852,0
-213.354397,100,3430.776298,0.8463800851301673,0
-264.56351,100,3433.851149,0.0,0
-206.891852,100,3437.002624,0.9364088980488464,0
-178.298235,100,3440.291274,1.0174099436188946,0
-309.149621,100,3443.077497,0.113101407342865,0
-286.366301,100,3446.247581,0.0,0
-274.893902,100,3449.665682,0.12245799804612509,0
-288.625515,100,3452.830883,0.0,0
-281.243339,100,3456.013542,0.0,0
-282.836544,100,3459.142923,0.0,0
-283.150593,100,3462.236721,0.0,0
-283.089366,100,3465.308657,0.0,0
-279.251157,100,3468.603949,0.07461845989548185,0
-288.830055,100,3471.626872,0.0,0
-247.514279,100,3474.598851,0.0,0
-287.479837,100,3477.678625,0.0,0
-172.665862,100,3480.885597,1.02706193322396,0
-278.693013,100,3483.884705,0.0,0
-286.767968,100,3486.966602,0.0,0
-205.023651,100,3490.12843,0.9479069301593808,0
-257.177312,100,3493.15395,0.9158550049902409,0
-282.642705,100,3496.468465,0.0,0
-290.736315,100,3499.490073,0.0,0
-290.190559,100,3502.59176,0.0,0
-201.290545,100,3505.95242,0.9762368264406984,0
-174.13417,100,3509.351012,1.0774309602142704,0
-284.609756,100,3512.417091,0.0,0
-290.189947,100,3515.519523,0.0,0
-281.131163,100,3518.344926,0.9429961108984434,0
-305.200533,100,3521.212712,0.0,0
-259.234941,100,3524.285052,0.0,0
-163.47636,100,3527.554894,1.0630908952266256,0
-290.326676,100,3530.523271,0.0,0
-286.199776,100,3533.605818,0.0,0
-255.1562,100,3536.371658,0.6120553366753988,0
-206.922361,100,3539.681128,0.8789226978906561,0
-217.689999,100,3542.919155,0.809416350324214,0
-289.518201,100,3545.944502,0.0,0
-286.608696,100,3548.958888,0.0,0
-192.771244,100,3552.025702,0.9155586345925036,0
-308.044203,100,3554.866319,0.05356749381968794,0
-158.722826,100,3557.989888,1.069294443698676,0
-161.766475,100,3561.190097,1.0796664530212425,0
-284.983862,100,3564.593941,0.0,0
-288.076208,100,3568.022432,0.0,0
-290.562953,100,3571.298953,0.0,0
-293.198013,100,3574.553494,0.0,0
-194.071749,100,3577.71718,0.9032847790127334,0
-289.033633,100,3580.876706,0.0,0
-311.954812,100,3583.991661,0.0,0
-291.927474,100,3587.150739,0.0,0
-334.677052,100,3589.894829,0.0,0
-309.636563,100,3592.927607,0.0,1
-326.049,100,3595.622951,0.0,1
-375.540723,100,3597.835255,0.0,0
-345.500436,100,3600.313172,0.0,1
-357.185688,100,3602.750958,0.0,2
-355.48261,100,3605.210017,0.0,1
-360.247511,100,3607.659199,0.0,1
-373.220838,100,3609.88021,0.0,0
-372.834041,100,3612.23623,0.0,0
-376.282068,100,3614.469531,0.0,0
-372.486781,100,3616.756617,0.0,0
-371.153346,100,3619.08807,0.0,0
-368.138647,100,3621.332117,0.0,0
-374.090819,100,3623.509711,0.0,0
-375.019188,100,3625.868348,0.0,0
-377.063108,100,3628.374492,0.0,0
-376.455501,100,3630.711859,0.0,0
-369.087566,100,3633.047355,0.0,0
-365.589735,100,3635.581433,0.0,0
-371.636208,100,3637.88488,0.0,0
-369.795633,100,3640.171682,0.0,0
-368.281122,100,3642.500199,0.0,0
-365.454017,100,3644.948668,0.0,0
-364.593482,100,3647.325652,0.0,0
-367.322455,100,3649.695338,0.0,0
-368.282214,100,3652.049254,0.0,0
-366.56954,100,3654.404228,0.0,0
-370.932368,100,3656.725214,0.0,0
-372.222722,100,3658.980474,0.0,0
-369.020065,100,3661.246635,0.0,0
-367.76554,100,3663.525618,0.0,0
-369.815793,100,3665.834776,0.0,0
-372.395148,100,3668.091309,0.0,0
-371.752878,100,3670.344715,0.0,0
-367.513419,100,3672.687317,0.0,0
-370.828526,100,3674.947654,0.0,0
-370.997529,100,3677.280426,0.0,0
-371.055023,100,3679.51297,0.0,0
-370.817391,100,3681.792786,0.0,0
-371.842906,100,3684.087707,0.0,0
-372.710114,100,3686.360145,0.0,0
-370.565605,100,3688.801642,0.0,0
-373.126602,100,3691.166146,0.0,0
-369.636771,100,3693.654674,0.0,0
-360.725756,100,3696.877204,0.0,0
-362.226575,100,3700.082506,0.0,0
-360.715219,100,3703.128403,0.0,0
-362.451561,100,3706.363777,0.0,0
-364.223108,100,3709.518795,0.0,0
-365.376812,100,3712.656581,0.0,0
-362.329184,100,3715.59384,0.0,0
-365.76057,100,3718.521071,0.0,0
-367.120439,100,3721.393905,0.0,0
-366.369058,100,3724.36899,0.0,0
-367.63785,100,3727.366754,0.0,0
-368.934359,100,3730.295524,0.0,1
-368.181124,100,3733.327368,0.0,0
-368.6753,100,3736.276918,0.0,0
-364.364678,100,3739.224197,0.0,0
-365.624524,100,3742.226884,0.0,0
-364.533637,100,3745.231268,0.0,0
-359.944649,100,3748.151124,0.0,0
-363.041753,100,3751.433745,0.0,0
-363.417406,100,3754.642811,0.0,0
-363.030351,100,3757.861269,0.0,0
-356.031655,100,3760.991027,0.0,1
-361.194364,100,3764.152503,0.0,1
-354.587712,100,3767.311215,0.0,1
-346.955935,100,3770.493455,0.0,0
-356.859076,100,3773.817801,0.0,1
-357.74047,100,3777.256686,0.0,0
-355.702781,100,3780.582368,0.0,2
-360.080618,100,3784.078952,0.0,0
-186.471704,100,3787.411173,1.02986218543249,0
-360.463631,100,3790.896693,0.0,0
-356.5412,100,3794.627575,0.0,1
-361.57659,100,3798.213789,0.0,0
-84.210046,27,3798.938207,0.7776606641648738,1
-360.260147,100,3802.357622,0.0,0
-359.00319,100,3805.794565,0.0,0
-361.156125,100,3809.217478,0.0,0
-360.427857,100,3812.530196,0.0,0
-361.109422,100,3815.774867,0.0,0
-360.540163,100,3818.822045,0.0,0
-360.934468,100,3821.891868,0.0,0
-360.683021,100,3824.985825,0.0,0
-360.999999,100,3828.011808,0.0,0
-359.728533,100,3830.908141,0.0,0
-277.572858,100,3834.044531,0.16345248665828024,0
-361.792503,100,3836.825881,0.0,0
-362.063297,100,3839.598147,0.0,0
-362.256921,100,3842.215617,0.0,0
-284.031373,100,3845.397138,0.11418053886481443,0
-362.215794,100,3847.931611,0.0,0
-316.825724,100,3850.907888,0.0,0
-354.763653,100,3854.188965,0.0,0
-361.10806,100,3856.631412,0.0,0
-353.856275,100,3859.611267,0.0,0
-280.004275,100,3862.745457,0.17234836316674584,0
-320.258209,100,3865.845975,0.0,0
-307.982258,100,3869.499966,0.0,0
-320.302216,100,3872.541601,0.0,0
-327.17693,100,3875.585755,0.0,0
-308.069254,100,3878.683858,0.0,0
-319.208624,100,3881.730647,0.0,0
-213.391485,100,3885.325368,0.8540832061010752,0
-292.639002,100,3888.51786,0.007399243780651639,0
-275.812333,100,3891.721515,0.0,0
-320.78229,100,3894.794539,0.0,0
-300.449029,100,3897.773344,0.0,0
-319.889794,100,3900.685755,0.0,0
-308.104824,100,3903.605176,0.0,0
-279.386944,100,3906.560191,0.1380165449352186,0
-297.678568,100,3909.54311,0.0,1
-313.527399,100,3912.894281,0.0,0
-317.05506,100,3915.861833,0.0,0
-303.43804,100,3918.779264,0.0,0
-267.536595,100,3921.831332,0.0,0
-306.354645,100,3924.750144,0.0,0
-223.747717,100,3927.78742,0.8669217589619873,0
-281.963496,100,3930.746831,0.33591505393224497,0
-290.958645,100,3933.695925,0.10778162602594205,0
-301.606274,100,3936.697776,0.0,0
-317.295759,100,3939.601808,0.0,0
-307.53006,100,3942.620372,0.0,0
-277.081888,100,3945.672994,0.28388779355265625,0
-227.696237,100,3948.718713,0.8856955290332705,0
-290.643668,100,3951.779357,0.0,0
-295.432805,100,3954.845742,0.0,0
-290.001006,100,3957.994353,0.0,0
-295.625208,100,3961.069441,0.0,0
-294.250188,100,3964.091537,0.0,0
-300.048765,100,3967.07899,0.0,0
-287.511755,100,3969.98431,0.2617541174038381,0
-297.370564,100,3972.907638,0.0,0
-290.403689,100,3975.85628,0.0,0
-287.216575,100,3978.790249,0.08691177983412848,0
-283.836217,100,3981.696008,0.1316463437111294,0
-287.653482,100,3984.628594,0.0,0
-288.106886,100,3987.52244,0.0,0
-302.31265,100,3990.520362,0.0,0
-293.92263,100,3993.425536,0.05765815662661712,0
-287.347331,100,3996.302329,0.0,0
-288.826897,100,3999.364453,0.13187079876184912,0
-288.413329,100,4002.427864,0.027859867406800676,0
-290.989821,100,4005.403396,0.0,0
-282.534163,100,4008.529511,0.0996282762760813,0
-281.384682,100,4011.55035,0.0,0
-290.874814,100,4014.626102,0.0,0
-278.057417,100,4017.670416,0.14685377032632907,0
-284.612833,100,4020.684968,0.03649118328783854,0
-287.636635,100,4023.578474,0.0,0
-280.400563,100,4026.568086,0.10932293270926202,0
-288.571335,100,4029.433892,0.11540886307548573,0
-283.265455,100,4032.747095,0.0,0
-283.513082,100,4035.665716,0.0,0
-288.033105,100,4038.627092,0.5129275212375998,0
-287.504445,100,4041.612206,0.11697978107594886,0
-285.621387,100,4044.623271,0.12862357098487984,0
-281.165278,100,4047.568494,0.13881200076001157,0
-281.727072,100,4050.562486,0.11259894517746076,0
-282.352458,100,4053.565076,0.055669707642582354,0
-289.437944,100,4056.432376,0.0,0
-290.816321,100,4059.362528,0.09992730715745769,0
-284.392678,100,4062.39154,0.1642542282100263,0
-280.990162,100,4065.650589,0.0,0
-283.713114,100,4068.704062,0.0,0
-279.016248,100,4071.813883,0.23783334196831343,0
-282.722245,100,4074.89959,0.0,0
-279.03533,100,4078.097151,0.21496513569772185,0
-312.853872,100,4081.168775,0.0,0
-284.063712,100,4084.267846,0.0,0
-282.670889,100,4087.387819,0.056104640026413514,0
-281.720759,100,4090.490747,0.0,0
-283.308055,100,4093.548858,0.020156379959833028,0
-288.03016,100,4096.639348,0.024948734545444592,0
-284.662997,100,4099.742731,0.0,0
-310.90376,100,4102.748548,0.1429073243284782,0
-287.313401,100,4105.731847,0.0,0
-278.041066,100,4108.712757,0.19885947817900407,0
-280.845506,100,4111.743834,0.11585829157909237,0
-312.774905,100,4114.627424,0.0,0
-277.253469,100,4117.661736,0.0,0
-286.937199,100,4120.664598,0.0,0
-313.220337,100,4124.154587,0.05587161852190895,0
-294.08449,100,4127.227109,0.0,0
-312.442311,100,4130.233403,0.0,0
-281.701078,100,4133.323381,0.04620071732626279,0
-283.971166,100,4136.484208,0.0,0
-282.566688,100,4139.602375,0.14211305021776155,0
-277.556296,100,4142.790812,0.0,0
-286.361569,100,4145.968962,0.5253246256080014,0
-286.584896,100,4149.239753,0.0008069703912148877,0
-286.680592,100,4152.551392,0.10906564160460053,0
-287.821485,100,4155.755582,0.0,0
-312.648434,100,4158.7575,0.0,0
-281.206895,100,4161.883503,0.0,0
-268.640228,100,4165.12083,0.3423600075529372,0
-289.094218,100,4168.171532,0.0,0
-286.798048,100,4172.000301,0.12288438267031082,0
-312.202355,100,4175.158248,0.008363116015321442,0
-311.963999,100,4178.127838,0.0,0
-289.694101,100,4181.229402,0.0,0
-288.818449,100,4184.365437,0.043337687809081,0
-281.012788,100,4187.646268,0.11916443218945917,0
-284.736849,100,4190.984798,0.07565747707348397,0
-313.052406,100,4193.999964,0.0,0
-276.342338,100,4197.016713,0.21071941405655717,0
-276.330486,100,4200.029328,0.24071913677319412,0
-228.643283,100,4202.789266,0.7440015686541506,0
-312.472764,100,4205.758146,0.0,0
-279.613495,100,4208.715129,0.0,0
-286.700526,100,4211.620883,0.033753396503373945,0
-284.873446,100,4214.508103,0.0,0
-286.519367,100,4217.536409,0.0,0
-285.788519,100,4220.586762,0.08843793758868995,0
-278.763008,100,4223.557374,0.0,0
-289.409265,100,4226.595205,0.0,0
-312.777386,100,4229.610071,0.0,0
-284.145796,100,4232.78357,0.0,0
-313.266805,100,4235.872278,0.13732185810823225,0
-276.413999,100,4238.983142,0.21745899414249356,0
-269.107751,100,4242.179857,0.25100750859335036,0
-312.925962,100,4245.126154,0.0,0
-286.242465,100,4248.339848,0.11453826167162333,0
-284.634461,100,4251.482295,0.04448089069435416,0
-277.996395,100,4254.790184,0.0,0
-267.401499,100,4257.96628,0.0,0
-279.347806,100,4261.010443,0.0,0
-282.342989,100,4263.922565,0.0,0
-281.920297,100,4266.847217,0.0,0
-277.538984,100,4269.958706,0.179519450517365,0
-277.583383,100,4273.455896,0.0,0
-279.614514,100,4276.408127,0.15745214475739505,0
-274.024419,100,4279.474329,0.3214829917324307,0
-290.206811,100,4282.76764,0.1673185310598031,0
-281.459584,100,4285.667089,0.15453859763151656,0
-281.85685,100,4288.521061,0.12938771633704121,0
-278.37549,100,4291.52931,0.0,0
-283.259276,100,4294.467824,0.0,0
-284.765206,100,4297.568148,0.0,0
-284.657813,100,4300.556356,0.0,0
-283.732436,100,4303.834171,0.0,0
-314.125335,100,4306.850274,0.0,0
-285.600297,100,4309.900314,0.04768451088658948,0
-279.580642,100,4312.921367,0.19569276300685132,0
-287.509094,100,4315.959298,0.0,0
-280.796603,100,4318.974099,0.0,0
-291.873362,100,4322.084399,0.0,0
-311.756874,100,4325.061726,0.052246681105669386,0
-282.910508,100,4328.106048,0.0,0
-311.401496,100,4331.064656,0.07942140292895156,0
-289.458325,100,4334.924118,0.0,0
-291.439257,100,4338.286151,0.0,0
-312.227968,100,4341.378853,0.017815027067642583,0
-281.412301,100,4344.481762,0.0,0
-312.407984,100,4347.408949,0.0,0
-274.897601,100,4350.702068,0.0,0
-280.94305,100,4354.123374,0.25564423715808754,0
-273.726465,100,4357.106336,0.2712037441153172,0
-311.531196,100,4360.118465,0.021761847394179024,0
-277.666849,100,4363.157397,0.0,0
-283.662979,100,4366.502535,0.0896798143181019,0
-312.714565,100,4369.421987,0.0,0
-280.225303,100,4372.620024,0.0919844157419749,0
-313.133629,100,4375.570903,0.0031901281950257173,0
-314.790444,100,4378.409933,0.0,0
-314.167806,100,4381.38735,0.0,0
-285.827823,100,4384.468876,0.0,0
-280.652227,100,4387.525543,0.0,0
-314.129677,100,4390.450944,0.0,0
-289.735053,100,4393.643466,0.005912859654043675,0
-285.371013,100,4396.876165,0.0,0
-283.118784,100,4400.135149,0.05048631194756303,0
-312.679829,100,4403.208897,0.0,0
-314.201093,100,4406.214901,0.0,0
-314.58576,100,4409.344684,0.0,0
-314.404287,100,4412.383031,0.0,0
-274.543967,100,4415.537126,0.0,0
-277.567228,100,4419.09743,0.1609246495766269,0
-288.482242,100,4422.50273,0.0022324300423078513,0
-314.668825,100,4425.617805,0.0,0
-313.719384,100,4428.54096,0.0,0
-312.029247,100,4431.505085,0.0,0
-281.726035,100,4434.560774,0.0,0
-269.023951,100,4437.907772,0.23735167163827037,0
-313.536842,100,4441.037885,0.0,0
-279.596817,100,4444.113895,0.05413782414203872,0
-286.139358,100,4447.271608,0.0,0
-288.342406,100,4450.531907,0.0,0
-293.387388,100,4453.608953,0.0,0
-312.21204,100,4456.469283,0.0,0
-278.980734,100,4459.62918,0.126762460338456,0
-280.28028,100,4462.682073,0.0,0
-284.101015,100,4465.788996,0.0,0
-287.143335,100,4468.922642,0.04627847404629885,0
-281.44244,100,4472.237145,0.0,0
-277.10662,100,4476.115175,0.0,0
-278.217302,100,4479.486304,0.08622977165194763,0
-281.646735,100,4482.667741,0.0,0
-287.343452,100,4485.891204,0.0,0
-284.410223,100,4489.354821,0.24333106674810495,0
-248.457972,100,4492.517814,0.0,0
-280.242458,100,4495.753968,0.0,0
-221.620328,100,4498.990578,0.873095849308493,0
-287.041766,100,4502.08317,0.0,0
-285.364854,100,4505.099095,0.0,0
-274.893077,100,4508.0187,0.0,0
-272.18623,100,4510.961999,0.0,0
-278.656296,100,4514.163089,0.09415113863423416,0
-209.475418,100,4517.204419,0.9357747139382874,0
-278.004489,100,4520.124673,0.0,0
-297.950432,100,4522.988542,0.0,0
-245.301768,100,4525.517617,0.0,0
-279.527446,100,4528.434884,0.0,0
-279.255042,100,4531.295984,0.0,0
-274.624954,100,4534.291753,0.0,0
-263.628225,100,4537.25285,0.0,0
-260.111301,100,4539.925528,0.0,0
-207.785124,100,4542.957291,0.6739684249470113,0
-280.399196,100,4545.988479,0.0,0
-268.786175,100,4548.681551,0.0,0
-211.865346,100,4551.823531,0.8676078380974603,0
-195.878428,100,4554.939748,1.0393504527317312,0
-269.886261,100,4557.637346,0.0,0
-278.968878,100,4560.478208,0.0,0
-290.495547,100,4563.528445,0.0,0
-290.667228,100,4566.572924,0.0,0
-288.460535,100,4569.574199,0.0,0
-295.77657,100,4572.702202,0.0,0
-279.486465,100,4575.766338,0.0,0
-205.825156,100,4578.983437,0.8718910520475932,0
-200.694894,100,4582.087236,0.9729462409981341,0
-287.360362,100,4585.113018,0.0,0
-206.415336,100,4588.263558,0.7603789940273745,0
-274.615628,100,4591.18805,0.0,0
-271.959799,100,4594.18691,0.0,0
-253.787691,100,4597.026878,0.0,0
-293.369717,100,4600.101861,0.0,0
-258.025567,100,4602.844729,0.0,0
-283.156917,100,4605.812226,0.0,0
-283.901839,100,4608.644008,0.0,0
-296.381607,100,4611.718721,0.0,0
-227.942509,100,4614.568285,0.8195353215081613,0
-290.661399,100,4617.447312,0.0,0
-295.80271,100,4620.281521,0.0,0
-163.432079,100,4623.591631,0.7245690869620202,0
-276.157782,100,4626.343104,0.0,0
-199.600639,100,4629.443423,0.9489688943338608,0
-217.314564,100,4632.64389,0.0,0
-254.957824,100,4635.510707,0.0,0
-296.094715,100,4638.524658,0.0,0
-290.593012,100,4641.437194,0.0,0
-224.704893,100,4644.567302,0.6960363360748613,0
-227.849922,100,4647.741336,0.7901248460236696,0
-279.966277,100,4650.43303,0.0,0
-265.483612,100,4653.172508,0.0,0
-271.581205,100,4656.027192,0.0,0
-232.809548,100,4658.695126,1.1737909841343093,0
-275.649192,100,4661.535082,0.0,0
-203.99718,100,4664.707722,0.8918348568064636,0
-243.734504,100,4667.257303,0.0,0
-233.276454,100,4670.37087,0.0,0
-279.53144,100,4673.18402,0.0,0
-185.294519,100,4676.450002,0.9573871613646844,0
-214.541754,100,4679.697533,0.7992244304282795,0
-281.057286,100,4682.694689,0.0,0
-291.088755,100,4685.821251,0.0,0
-281.233198,100,4688.713562,0.0,0
