#{"t_start": 1715771408.717178, "env_id": "None"}
r,l,t,num_wraps,c
-110.271883,60,1.725287,0.0,0
-103.282332,60,3.180975,0.0,0
-97.323536,60,4.732233,0.0,0
-103.978482,60,6.099825,0.0,0
-113.648664,60,7.338786,0.0,0
-100.234636,60,8.582943,0.0,0
-115.775648,60,10.040033,0.0,0
-105.385541,60,11.45175,0.0,0
-94.245413,60,13.084996,0.0,0
-112.797798,60,14.874448,0.0,0
-113.203463,60,16.738191,0.0,0
-101.920989,60,18.394221,0.0,0
-106.977323,60,20.003091,0.0,0
-111.779692,60,21.66669,0.0,0
-113.447217,60,23.355704,0.0,0
-104.39336,60,25.023126,0.0,0
-100.932819,60,26.800882,0.0,0
-95.254616,59,28.515817,0.750395368966217,0
-99.923125,60,30.341264,0.0,0
-98.280871,60,32.132051,0.0,0
-118.417793,60,34.143843,0.0,0
-115.814367,60,35.864414,0.0,0
-60.930333,36,36.995293,0.751293603010355,0
-107.719811,60,38.775233,0.0,0
-103.953012,60,40.641869,0.0,0
-102.374187,60,42.592942,0.0,0
-112.243848,60,44.685716,0.0,0
-97.874818,60,46.649936,0.0,0
-100.8978,60,48.491637,0.0,0
-109.900238,60,50.059794,0.0,0
-106.846232,60,51.479851,0.0,0
-98.996523,60,52.838256,0.0,0
-91.208349,60,54.142162,0.10377404042653685,0
-110.722683,60,55.562212,0.0,0
-96.1677,60,56.996256,0.0,0
-100.926856,60,58.399434,0.0,0
-101.059051,60,59.815956,0.13649068797609262,0
-110.928751,60,61.299216,0.0,0
-113.753149,60,62.832497,0.0,0
-92.810825,60,64.253934,0.0,0
-110.692938,60,65.591889,0.0,0
-92.608764,60,66.99243,0.0,0
-96.024178,60,68.383943,0.0,0
-109.598236,60,69.721214,0.0,0
-101.659582,60,71.018217,0.0,0
-99.912452,60,72.375676,0.0,0
-94.585662,60,73.825345,0.0,1
-94.727596,60,75.321384,0.0,0
-96.523204,60,76.804286,0.0,0
-112.020714,60,78.229022,0.0,0
-107.817401,60,79.677037,0.0,0
-97.430334,60,81.09755,0.0,0
-98.172374,60,82.521826,0.0,2
-116.512745,60,83.947866,0.0,3
-90.69008,60,85.303602,0.0,0
-104.339148,60,87.339054,0.0,0
-96.408956,60,89.530795,0.0,2
-111.077508,60,91.629752,0.0,0
-90.924201,60,94.694906,0.0,0
-92.800102,60,96.276321,0.0,0
-91.72481,60,97.774121,0.0,0
-121.044828,60,99.086282,0.0,0
-92.276225,60,100.381191,0.0,1
-93.585437,60,101.731617,0.0,0
-93.641336,60,103.11716,0.0,2
-105.542084,60,104.475816,0.0,1
-94.774286,60,105.929664,0.0,0
-118.01931,60,107.303537,0.0,0
-82.593607,60,108.755906,0.0638773083569478,0
-122.827266,60,110.068784,0.0,0
-95.456874,60,111.448801,0.0,0
-92.0992,60,112.791587,0.0,1
-103.168729,60,114.161505,0.0,0
-89.460866,60,115.506619,0.0,0
-95.952966,60,116.908506,0.0,0
-93.478659,60,118.348248,0.20348181892854802,2
-89.493754,60,119.797088,0.0,0
-109.633944,60,121.235872,0.0,3
-88.384443,60,122.655176,0.0,0
-90.41258,60,124.210805,0.0,2
-101.610574,60,125.874789,0.10813824909863011,6
-98.871565,60,127.304763,0.05061317485459073,3
-91.71757,60,128.796085,0.0,0
-89.291539,60,134.852825,0.2813661502086401,0
-22.926089,15,135.238316,0.7557061016669906,0
-83.197265,60,136.675322,0.0,0
-92.032992,60,138.275888,0.0,0
-49.999708,33,139.124645,0.7501015948835718,0
-91.369955,60,140.656834,0.5640437328645718,0
-86.449207,60,142.243794,0.0,0
-87.228514,60,143.776589,0.0,0
-88.845769,60,145.249051,0.0,0
-81.666738,60,146.5509,0.3920543081156809,0
-87.931864,60,148.037666,0.0,0
-56.376821,34,148.831451,0.7504984302679342,0
-84.776909,60,150.264273,0.0,0
-88.804001,60,151.603939,0.13224038819836617,0
-91.612197,60,152.960926,0.0,0
-89.585517,60,154.350958,0.0,0
-87.688213,60,155.682611,0.0,0
-83.570084,60,157.081545,0.09735684323690681,0
-80.341055,60,158.489875,0.024739663214394417,0
-88.162594,60,159.869967,0.0,0
-83.524494,60,161.304992,0.0,0
-90.130379,60,162.670801,0.0,0
-90.031723,60,164.023746,0.10181704909366793,0
-86.799888,60,165.41408,0.0,0
-51.819399,40,166.337648,0.7587122420197033,0
-89.320569,60,167.755588,0.04251899419340878,0
-61.699453,41,168.741861,0.7590269032018303,0
-76.428884,51,170.018619,0.7556337264216098,0
-89.830477,60,171.408838,0.0,0
-82.473358,60,172.830977,0.0,0
-89.872908,60,174.213939,0.0,0
-88.479101,60,175.632932,0.0,0
-83.936064,60,177.110955,0.0,0
-90.035568,60,178.518941,0.0,0
-89.302914,60,179.946501,0.0,0
-81.822716,60,181.393831,0.0,0
-90.656145,60,182.793402,0.0,0
-85.11966,60,184.265433,0.0,0
-85.027846,60,186.380953,0.0,0
-61.874245,42,187.746962,0.7562011239188077,0
-32.389862,23,188.443425,0.7530485707155556,0
-89.376751,60,190.288768,0.0,0
-87.698842,60,192.178836,0.0,0
-91.596132,60,194.038601,0.0,0
-87.476913,60,195.814118,0.0,0
-85.760444,60,197.315216,0.0,0
-26.06969,17,197.702528,0.7502744534080737,0
-82.45157,60,199.129442,0.03672190596128503,0
-82.493712,60,200.603658,0.0,0
-79.919523,60,202.120344,0.0,0
-79.760543,60,203.817309,0.3229160358992187,0
-79.528168,60,205.417785,0.0,0
-83.758679,60,207.086741,0.0,0
-86.77154,60,208.809332,0.0,0
-24.502224,17,209.492498,0.753895296966738,0
-79.737765,60,211.29529,0.0,0
-87.202641,60,212.945105,0.0,0
-86.670671,60,214.687707,0.043420680258996404,0
-62.82073,43,215.802828,0.7560279730245202,0
-82.368636,60,217.333665,0.0,0
-65.507054,47,218.465725,0.7577670855696824,0
-82.558701,60,219.890079,0.11047313572478899,0
-83.087093,60,221.349643,0.0,0
-84.434511,60,222.809183,0.0,0
-81.006537,60,224.261572,0.0,0
-75.719958,52,225.582988,0.7524076839154339,0
-79.939758,60,227.083069,0.0,0
-80.47968,60,228.609704,0.0,0
-77.917458,60,230.141277,0.0,0
-85.025686,60,231.573089,0.0,0
-87.507293,60,233.020043,0.0,0
-84.32451,60,234.527977,0.0,0
-82.683394,60,235.984941,0.0,1
-87.215938,60,237.414635,0.0,0
-77.539979,56,238.774448,0.7526413271162964,0
-87.727907,60,240.451924,0.0,0
-79.324553,60,242.105437,0.0,0
-86.400827,60,243.892574,0.0,0
-84.058182,60,245.581033,0.0,0
-86.400343,60,247.182532,0.0,0
-83.340977,60,248.655921,0.0,0
-87.114148,60,250.113162,0.03356666424064249,0
-82.391835,60,251.569914,0.0,0
-77.755982,60,253.191563,0.0,0
-79.768885,60,254.709304,0.0,0
-79.231527,60,256.150128,0.0,0
-77.70608,60,257.793096,0.0,0
-81.858341,60,259.460003,0.0,0
-82.191338,60,261.042703,0.0,0
-71.532739,49,266.924734,0.7541129402557805,0
-25.309762,17,267.54513,0.750506094028254,0
-77.758633,60,269.128827,0.0,0
-87.58788,60,270.774696,0.0,0
-77.653656,60,272.334719,0.0,0
-19.545178,13,272.651487,0.7610210188051797,0
-79.575256,60,274.259151,0.0,0
-84.030893,60,275.836746,0.09449823575748564,0
-25.232051,17,276.280268,0.7506745582207313,0
-80.158538,60,277.721323,0.0,0
-80.044267,60,279.19548,0.0,0
-82.559071,60,280.743303,0.0,0
-81.122206,60,282.309839,0.0,0
-81.128904,60,283.949243,0.0,0
-76.570252,60,285.472624,0.0,0
-29.472433,20,286.000261,0.7527587144839367,0
-26.683243,18,286.451255,0.7554574302514158,0
-79.175364,60,288.00118,0.11585401848786615,0
-84.587518,60,289.554193,0.0,0
-80.386166,60,291.069737,0.0,0
-76.916817,60,292.893047,0.0,0
-82.251391,60,294.668509,0.0,0
-76.938149,60,296.276461,0.0,0
-80.66413,60,297.908826,0.0,0
-81.006796,60,299.36102,0.0,0
-81.335939,60,300.86397,0.0,0
-18.927225,13,301.156804,0.7617303124794201,0
-81.38919,60,302.61858,0.04617647643268155,0
-78.149209,60,304.071088,0.0,0
-23.014097,16,304.466824,0.7569221519936367,0
-86.532303,60,305.947122,0.0,0
-80.491491,60,307.480235,0.0,0
-83.994823,60,308.9147,0.0,0
-81.085235,60,310.391033,0.0,0
-80.177186,60,311.810356,0.0,0
-86.976584,60,313.286238,0.0,0
-85.614454,60,314.761992,0.0,0
-85.900189,60,316.200207,0.0,0
-79.333123,60,317.701964,0.0,0
-82.894693,60,319.200727,0.0,0
-79.291609,60,320.635877,0.0,0
-81.521212,60,322.162999,0.0,0
-82.35817,60,323.608676,0.0,0
-79.844745,60,325.085979,0.0,0
-79.14304,60,326.629676,0.0,0
-83.395338,60,328.230826,0.0,0
-26.863676,18,328.655691,0.7506841346311931,0
-79.066317,60,330.090402,0.01492086379226054,0
-77.223054,60,331.55292,0.0,0
-78.730398,60,333.028156,0.08423791691275533,0
-77.483657,60,334.511197,0.0,0
-81.451776,60,335.98382,0.019538451897811154,0
-77.669958,60,337.492783,0.0,0
-77.132056,60,338.988683,0.0,0
-75.735498,60,341.046007,0.0,0
-76.684099,60,343.248631,0.0,0
-23.053874,16,343.743874,0.7528911117000353,0
-76.133529,60,345.777718,0.0,0
-77.37833,60,348.642512,0.0,0
-85.792052,60,350.240799,0.1080703603198176,0
-79.433651,60,351.779048,0.0,0
-83.785454,60,353.267402,0.0,0
-25.223158,17,353.678831,0.7515971277357011,0
-76.480251,60,355.090031,0.0,0
-79.00728,60,356.540689,0.0,0
-76.412144,60,358.063396,0.0,0
-76.431921,60,359.648464,0.0253590268431848,0
-74.565383,60,361.346465,0.0,0
-81.322604,60,362.986108,0.0,0
-79.54829,60,364.560326,0.0,0
-77.619512,60,366.101803,0.0,0
-77.538094,60,367.611534,0.03299313568114213,0
-86.801917,60,369.109191,0.0,0
-78.033435,60,370.569538,0.24862276007534,0
-77.492019,60,372.069781,0.006261116068252123,0
-79.196181,60,373.528257,0.0,0
-54.846358,42,374.512741,0.7502683675732287,0
-78.023141,60,375.991006,0.0,0
-76.995412,60,377.503836,0.0,0
-76.729945,60,378.991524,0.0,0
-76.339565,60,380.51797,0.046867468280652344,0
-79.989929,60,382.062631,0.0,0
-79.106635,60,383.585225,0.0,0
-81.360109,60,385.101536,0.0,0
-82.480659,60,386.621122,0.0,0
-77.681097,60,388.062028,0.0,0
-76.698607,60,389.511079,0.0,0
-77.773642,60,391.004371,0.0,0
-77.177746,60,392.494121,0.0,0
-77.85227,60,393.955098,0.0,0
-75.203954,60,395.416958,0.0,0
-66.356341,51,401.352422,0.7504166002169167,0
-77.540726,60,402.890098,0.0,0
-79.474236,60,404.491392,0.0,0
-81.137423,60,406.079207,0.0,0
-75.635684,60,407.685977,0.0,0
-77.010988,60,409.330238,0.0,0
-24.142426,16,409.762645,0.7575036998492929,0
-75.033406,60,411.35633,0.07167260880513213,0
-75.62885,60,412.835689,0.0,0
-83.849728,60,414.290164,0.0,0
-78.022213,60,415.767492,0.0,0
-80.042526,60,417.240857,0.0,0
-78.62126,60,418.756733,0.03762384868733681,0
-79.647696,60,420.330521,0.0,0
-77.627909,60,421.862527,0.0,0
-79.401163,60,423.396087,0.0,0
-74.512071,60,424.893062,0.0,0
-78.742991,60,426.383255,0.0,0
-78.957345,60,427.859561,0.07982450125207806,0
-22.37269,15,428.233746,0.759643149522862,0
-73.622636,60,429.695808,0.12653858226898468,0
-23.791922,16,430.080493,0.7575040696055221,0
-22.494016,15,430.449119,0.7518490380963303,0
-20.275266,14,430.799626,0.7577810481382579,0
-22.553794,15,431.157431,0.7515648830083865,0
-74.150498,60,432.670486,0.0,0
-83.545336,60,434.253682,0.0,0
-77.382417,60,435.930654,0.0,0
-80.969505,60,437.680843,0.0,0
-75.977171,60,439.24811,0.046404524970845094,0
-81.910991,60,441.18926,0.0,0
-76.878629,60,442.765531,0.13176269766156856,0
-21.842926,15,443.155177,0.7553138678455317,0
-82.736484,60,444.71376,0.0,0
-75.348572,60,446.224817,0.07854815527084671,0
-26.402238,18,446.656943,0.7592428410350749,0
-26.029094,18,447.181456,0.7572979843858982,0
-77.078328,60,448.685757,0.0,0
-74.168965,60,450.155164,0.0,0
-79.616841,60,451.665563,0.1966090743425562,0
-76.251029,60,453.073836,0.10303104478159371,0
-77.793555,60,454.610501,0.0,0
-80.339416,60,456.089235,0.0,0
-78.957907,60,457.540081,0.0,0
-76.493101,60,459.004421,0.0,0
-76.878095,60,460.470959,0.038919110231357634,0
-76.098717,60,461.973964,0.0,0
-23.688821,16,462.377016,0.7553099587985429,0
-21.861181,15,462.749245,0.7515762156775643,0
-80.9429,60,464.238071,0.0,0
-24.786085,17,464.656196,0.750762740026714,0
-25.126534,17,465.04771,0.7538430729342194,0
-75.415402,60,466.535246,0.0,0
-74.020883,60,468.025657,0.0,0
-17.181766,12,468.293141,0.7589488781573682,0
-23.720821,16,468.637686,0.752674778769976,0
-74.72272,60,470.098323,0.025527137717596484,0
-78.138286,60,471.540052,0.20398345434158172,0
-75.37869,60,473.075357,0.0,0
-72.881778,60,474.564476,0.0,0
-73.743041,60,476.032676,0.0,0
-21.721857,15,476.378308,0.7534291488648386,0
-22.499135,16,476.768763,0.7529439170903345,0
-26.750318,18,477.212558,0.7530726884267597,0
-74.682954,60,478.671872,0.0,0
-71.922916,60,480.154174,0.0,0
-79.651611,60,481.659125,0.0,0
-26.431842,18,482.096471,0.7505524961988864,0
-72.081365,60,483.562828,0.018016673917794473,0
-76.41687,60,485.041177,0.07540897947285884,0
-21.734782,15,485.424237,0.750157067525415,0
-72.792867,60,486.862445,0.0,0
-71.426251,60,488.371306,0.0,0
-73.231809,60,489.836862,0.0,0
-21.996156,15,490.171661,0.7537206527517234,0
-72.629758,60,491.656578,0.0,0
-21.208782,14,491.987622,0.7603938054306795,0
-71.849987,60,493.423749,0.033864727910800134,0
-23.34231,16,493.809562,0.7542570970565592,0
-20.20287,14,494.129027,0.7552536849743468,0
-20.095062,14,494.46821,0.7512959509227557,0
-71.47341,60,495.977773,0.1258570250075676,0
-73.556712,60,497.465363,0.14403973294162237,0
-72.88449,60,498.896417,0.03950252179385622,0
-72.796422,60,500.321785,0.020823538226608707,0
-21.972761,15,500.669343,0.7543680771828911,0
-22.503042,15,501.034988,0.7508951531464552,0
-72.765612,60,502.467057,0.12292227507708384,0
-24.649464,17,502.862875,0.7514665511565128,0
-26.250601,18,503.302748,0.7524545851029444,0
-74.925255,60,504.744909,0.021635799802415166,0
-24.851158,17,505.131388,0.750152509582568,0
-75.363772,60,506.622924,0.0,0
-26.313219,18,507.050829,0.7594056481939983,0
-71.886985,60,508.505248,0.0,0
-26.993277,19,508.954637,0.7520539359722211,0
-72.98447,60,510.403337,0.0,0
-71.73806,60,511.865597,0.0,0
-21.476441,15,512.246212,0.7530105923379999,0
-23.611456,16,512.687479,0.7548160950211945,0
-76.523869,60,514.27699,0.013264851399518666,0
-77.101285,60,515.77425,0.09022651333938543,0
-71.218134,60,517.247953,0.0,0
-73.504869,60,518.714971,0.02414680239118809,0
-75.471424,60,520.174288,0.057400709057743464,0
-24.455158,17,520.578285,0.7524218133930589,0
-26.210303,18,521.017304,0.7649386850389767,0
-25.327519,18,521.508705,0.7578028035305493,0
-24.658431,17,521.938814,0.7595501958153739,0
-25.336299,17,522.361171,0.7580924390595337,0
-26.153803,18,522.795213,0.7540109069740953,0
-23.307998,16,523.169445,0.755000576635075,0
-25.984693,18,523.618987,0.752117337848288,0
-24.207992,17,524.0322,0.7617952073121618,0
-24.313741,17,524.434859,0.7525830309695678,0
-71.753591,60,525.847133,0.07509839868233291,0
-55.184531,38,531.604238,0.7522104486611824,0
-26.772208,18,532.042456,0.7557189132672669,0
-73.400193,60,533.573794,0.020396000721495847,0
-74.284262,60,535.247277,0.030861744398932706,0
-23.638609,16,535.696098,0.7509900778678097,0
-74.661381,60,537.328939,0.0,0
-75.071418,60,538.913444,0.08921141223943971,0
-73.590303,60,540.476664,0.0,0
-74.64849,60,541.953142,0.00022243113919727294,0
-72.157225,60,544.186227,0.010967844721490072,0
-24.3934,17,544.712914,0.7630487732647105,0
-24.432749,17,545.271402,0.7530258166786246,0
-21.952749,15,545.754082,0.756186559717763,0
-22.723197,16,546.300754,0.7511589896369523,0
-74.327438,60,548.291616,0.0,0
-72.545748,60,550.226957,0.05649919788433256,0
-25.320635,18,550.737417,0.7534262468256329,0
-71.664778,60,552.347711,0.054918134022898614,0
-23.505843,16,552.747853,0.7512005014530779,0
-26.247554,18,553.342997,0.7583211069715371,0
-23.730959,16,553.758565,0.7509620478114609,0
-20.000668,14,554.085822,0.7519871813540078,0
-69.990059,60,555.558469,0.07448579970113345,0
-17.630688,13,555.877122,0.7558161268942734,0
-73.207816,60,557.292615,0.031557202554766475,0
-26.520377,18,557.795344,0.7535525347823662,0
-70.779457,60,559.273563,0.011087016173550198,0
-71.967684,60,560.691854,0.050140492797718,0
-71.877149,60,562.100529,0.030150637345267583,0
-22.856903,16,562.487645,0.7530164386803029,0
-22.274007,15,562.859013,0.7602618967373107,0
-23.38112,16,563.244726,0.7632905320979921,0
-72.853337,60,564.864058,0.30253881712168346,0
-71.553031,60,566.289922,0.0,0
-17.901152,13,566.571457,0.75044474683837,0
-69.913809,60,568.06176,0.026680432456625047,0
-25.050122,17,568.494438,0.7572544855971971,0
-25.994128,18,568.927366,0.7567883647255922,0
-70.726579,60,570.384924,0.06007086824148266,0
-18.099736,13,570.719586,0.7544187622065883,0
-23.782455,16,571.146243,0.7536070001516112,0
-22.301241,15,571.520309,0.7570058085278308,0
-24.750695,17,571.909252,0.7511784331312997,0
-20.142385,14,572.245369,0.7548639897909949,0
-69.896804,60,573.753186,0.29194229963837603,0
-70.38154,60,575.236669,0.01809318490830287,0
-68.019852,60,576.686152,0.026736253872567357,0
-70.437185,60,578.176546,0.012644282832193343,0
-69.868366,60,579.537785,0.14248482915037125,0
-25.772061,18,580.043803,0.7613075565964302,0
-69.742096,60,581.520892,0.23432542573453116,0
-72.268964,60,583.070804,0.0,0
-25.904124,18,583.575313,0.7552611089080598,0
-26.002207,18,584.114922,0.7547800986667265,0
-72.103445,60,585.584515,0.07170484267119762,0
-17.277103,12,585.861567,0.7519029955946195,0
-30.712925,22,586.415817,0.7553586128520321,0
-72.74991,60,587.820922,0.0,0
-71.87463,60,589.354414,0.046144018308957355,0
-17.084046,12,589.663194,0.7542488791361269,0
-70.906563,60,591.159677,0.00033304189457891275,0
-24.585873,17,591.605602,0.7559211883365925,0
-22.804657,15,591.957433,0.7557266445497102,0
-18.597375,13,592.304747,0.7508817530221469,0
-71.193781,60,593.837127,0.0,0
-23.849521,16,594.25208,0.750167555177361,0
-23.475114,16,594.686345,0.7846597583546857,0
-72.230792,60,596.118047,0.09819108182409077,0
-70.92202,60,597.720436,0.18081892562258461,0
-69.442877,60,599.161672,0.0,0
-70.344559,60,600.543151,0.09170153805250397,0
-71.654609,60,601.915712,0.16613611916875612,0
-69.934152,60,603.254125,0.012989006279191608,0
-71.349229,60,604.629106,0.012561511839654916,0
-70.298075,60,605.940993,0.1181132621747746,0
-71.83045,60,607.260161,0.047017220078135934,0
-69.969534,60,608.585158,0.23700125875156164,0
-22.183907,15,608.93371,0.7612727263254483,0
-70.132898,60,610.410943,0.11496373086294341,0
-69.057542,60,611.861959,0.11965554603753512,0
-23.362877,16,612.253947,0.7523505383061293,0
-18.865864,13,612.588387,0.752988342890781,0
-25.166187,18,613.056645,0.7513573411695805,0
-23.639709,16,613.444248,0.7556796969775428,0
-69.938484,60,614.835644,0.17270859260823881,0
-78.959995,60,616.386273,0.0,0
-25.994493,18,616.818875,0.7560845521555609,0
-70.944747,60,618.248702,0.24522466085960543,0
-20.08043,14,618.609921,0.7649856661949149,0
-70.81032,60,619.983522,0.0,0
-26.193793,18,620.473858,0.7506481221056674,0
-72.46694,60,621.791164,0.0,0
-22.998467,16,622.193643,0.7562324456734952,0
-25.115875,17,622.638604,0.7619065111531966,0
-70.259876,60,624.104904,0.1419145846435734,0
-23.211533,16,624.50603,0.7569161409289996,0
-69.891992,60,625.879397,0.37246235628624624,0
-18.776169,13,626.215256,0.7900478692511488,0
-68.664981,60,627.574503,0.0,0
-18.867312,14,627.96029,0.764115999501201,0
-24.138305,17,628.448189,0.7607574276499016,0
-69.089402,60,630.116533,0.05263445642852068,0
-21.794282,15,630.555082,0.7510096706087833,0
-26.016018,18,631.06648,0.7613157956198906,0
-19.626305,14,631.423148,0.7530991206600398,0
-74.466915,60,632.900256,0.0,0
-72.479118,60,634.400215,0.0,0
-24.78095,18,634.900018,0.7577910389376578,0
-21.882464,15,635.278963,0.7552119830197259,0
-23.560779,16,635.68853,0.7548001871984809,0
-69.534187,60,637.2167,0.0,0
-72.472501,60,638.702957,0.03452104850127201,0
-72.91864,60,640.143233,0.0,0
-24.615767,17,640.57573,0.7559192674322115,0
-69.620004,60,642.191325,0.0,0
-23.774325,17,642.690193,0.7547529692196603,0
-73.071943,60,644.245997,0.06508384451560302,0
-72.802188,60,645.811948,0.14393684818017063,0
-71.273499,60,647.370848,0.0,0
-18.435313,13,647.694856,0.7526587944618435,0
-23.045078,16,648.14317,0.7551824855201535,0
-17.498259,13,648.481704,0.7588479412230004,0
-17.071026,12,648.789759,0.754353633283736,0
-25.460921,17,649.266316,0.7638070687330089,0
-70.493181,60,650.734404,0.07354399657537553,0
-23.622648,16,651.181835,0.7518832173098853,0
-24.404721,17,651.635878,0.751955396769271,0
-26.842207,19,652.167048,0.7596908438699097,0
-23.796009,16,652.582832,0.754106942647096,0
-24.788794,17,653.042879,0.757705973812418,0
-24.607959,17,653.480622,0.7563211485383025,0
-21.825088,15,653.890212,0.7523532770368436,0
-24.989558,18,654.385907,0.7539212582945223,0
-29.361849,21,654.971334,0.7519214574160548,0
-71.401725,60,656.439509,0.24542614390516534,0
-20.66381,15,656.85887,0.7526062882335091,0
-76.568523,60,663.439216,0.0,0
-22.948392,16,663.836216,0.7555302947474541,0
-23.351086,16,664.239115,0.7517329218932881,0
-25.170503,17,664.717895,0.7512089777742957,0
-27.35588,19,665.257839,0.7553871637039182,0
-22.896347,16,665.737533,0.7580125407873908,0
-72.586715,60,667.288258,0.2127640113648398,0
-23.622512,16,667.792783,0.7588899230060087,0
-72.31698,60,669.215252,0.0,0
-18.59446,13,669.571718,0.7508064158382811,0
-23.14735,16,669.996103,0.7574116025578286,0
-23.113743,16,670.414971,0.751320222960749,0
-21.673767,15,670.801566,0.7562224988523334,0
-73.714664,60,672.420517,0.0,0
-70.801331,60,674.039828,0.11037754402322633,0
-25.014954,17,674.502722,0.7538798783810553,0
-25.04545,17,675.002262,0.7603117987162924,0
-17.506608,12,675.406335,0.7658806704899086,0
-72.341875,60,676.814374,0.0,0
-73.142422,60,678.303593,0.0,0
-24.755877,17,678.759636,0.7569917569706667,0
-75.533167,60,680.185751,0.0,0
-72.866961,60,681.66107,0.0,0
-24.924977,17,682.104841,0.7597694896865294,0
-71.696503,60,683.607181,0.36923745673319674,0
-24.460204,17,684.054737,0.7677473627580507,0
-82.341016,60,685.599658,0.0,0
-74.849627,60,686.975731,0.0,0
-22.330867,15,687.380591,0.7502504491963925,0
-23.816493,16,687.792959,0.7524990965212672,0
-23.703224,17,688.244473,0.7590268782140716,0
-71.147888,60,689.778906,0.09779354338572747,0
-19.376495,14,690.123655,0.7540410137135616,0
-21.410643,15,690.504451,0.7521267362025292,0
-21.872152,15,690.891108,0.7599928218958575,0
-20.260872,14,691.237052,0.7677701735607911,0
-20.64289,15,691.644519,0.758814566250567,0
-18.661817,13,692.015261,0.7550309470046209,0
-16.696417,12,692.317927,0.7576657061696837,0
-21.077215,15,692.750464,0.7657985738569664,0
-71.682817,60,694.463621,0.0,0
-23.521921,16,694.909744,0.7602452349115076,0
-71.877656,60,696.497483,0.05416625223720965,0
-14.850891,10,696.781378,0.7613517190490552,0
-20.52879,14,697.095957,0.754332913772585,0
-73.668805,60,698.630357,0.0,0
-74.199594,60,700.120392,0.0,0
-22.246543,15,700.4946,0.758764359378831,0
-19.981087,14,700.833841,0.754828457186453,0
-22.762527,16,701.261113,0.7541795817383025,0
-24.802024,17,701.670009,0.7581520618386465,0
-17.924682,13,701.986441,0.7536097071066755,0
-74.503654,60,703.51762,0.0,0
-70.642881,60,704.97284,0.0,0
-73.167379,60,706.477487,0.0,0
-18.453635,13,706.788396,0.7570679188917363,0
-72.744595,60,708.266826,0.0,0
-73.651404,60,709.800076,0.0,0
-19.777446,14,710.155725,0.7577715218474943,0
-76.422507,60,711.558513,0.0,0
-23.167824,16,711.949661,0.7534582665729049,0
-23.675376,16,712.371387,0.7510795742263808,0
-23.259006,16,712.784404,0.759912899368842,0
-22.532634,15,713.159895,0.7522470193970501,0
-20.229907,14,713.519887,0.7541868234406883,0
-73.631248,60,714.965764,0.0,0
-73.176696,60,716.497716,0.0,0
-22.213237,15,716.852887,0.7514256715878168,0
-73.98187,60,718.282786,0.0,0
-72.743247,60,719.763701,0.0,0
-23.639145,16,720.149084,0.7583093617238312,0
-73.555912,60,721.576794,0.0,0
-72.251053,60,723.072261,0.0,0
-20.370502,14,723.408982,0.7531645742424078,0
-74.687795,60,724.886269,0.0,0
-18.076231,13,725.261266,0.7600596089082344,0
-73.708014,60,726.713167,0.0,0
-76.443486,60,728.19923,0.0,0
-74.928112,60,729.639805,0.0,0
-22.370346,15,730.012938,0.7566571012961668,0
-24.074253,17,730.44161,0.7538852953407936,0
-21.1809,15,730.790932,0.7605715897889446,0
-21.451335,15,731.163022,0.763336402284608,0
-74.876906,60,732.59314,0.0,0
-75.522666,60,734.028572,0.0,0
-18.413786,13,734.358195,0.7593037063775475,0
-75.311543,60,735.844429,0.0,0
-18.726749,13,736.151441,0.7511819950083356,0
-22.38072,15,736.510826,0.7579858184487588,0
-23.193377,16,736.90252,0.75531456607392,0
-77.56233,60,738.601272,0.0,0
-22.890901,16,739.004833,0.7541305595206657,0
-72.326809,60,740.448223,0.0,0
-76.599312,60,741.990735,0.0,0
-22.634431,15,742.388574,0.7585726303723823,0
-20.420294,14,742.812588,0.7545156002393085,0
-23.511198,16,743.228258,0.750949927310957,0
-24.694533,17,743.692553,0.7504448024285721,0
-21.050087,16,744.121954,0.7517630818882174,0
-72.883485,60,745.745662,0.0,0
-20.828297,14,746.12802,0.7513753062845205,0
-73.575248,60,747.668605,0.0,0
-75.010339,60,749.181926,0.0,0
-73.857753,60,750.684669,0.0,0
-23.33781,16,751.096511,0.7622013576274339,0
-22.470956,15,751.490031,0.7506659973572675,0
-22.099023,15,751.914653,0.7587084228227335,0
-23.942917,16,752.360113,0.7557766097989792,0
-20.899388,14,752.732966,0.7537228801788357,0
-22.424321,15,753.124188,0.751737157865599,0
-22.924119,16,753.553667,0.7566872214268525,0
-75.930699,60,755.198679,0.0,0
-76.240021,60,756.729201,0.0,0
-20.633282,14,757.105728,0.7559642938037011,0
-22.382689,15,757.496392,0.7501170997433303,0
-18.971803,14,757.852113,0.7584888097564307,0
-22.959743,16,758.250765,0.7569252297605186,0
-22.139725,15,758.642542,0.7589398985870357,0
-23.740141,16,759.062782,0.7581795094227701,0
-23.126828,16,759.473361,0.754046115150928,0
-74.439575,60,761.032606,0.0,0
-21.372379,15,761.454087,0.7520725114636453,0
-23.9062,16,761.862575,0.7551955941951023,0
-22.09035,15,762.283539,0.751977377593839,0
-23.746821,16,762.697014,0.7507554178651736,0
-23.943826,16,763.111937,0.7543648918640025,0
-74.312758,60,764.672268,0.017052110506150756,0
-73.840017,60,766.250055,0.0,0
-24.861168,18,766.745661,0.7525141755614424,0
-22.469659,15,767.183242,0.7613820241340906,0
-72.403993,60,768.74657,0.0,0
-71.768559,60,770.358028,0.0,0
-74.231391,60,771.890181,0.0,0
-22.11191,15,772.287664,0.7607301267224712,0
-19.857385,14,772.642893,0.7511207456612486,0
-23.11346,16,773.088671,0.7514170386834037,0
-21.973045,15,773.502419,0.7501596104547394,0
-76.422979,60,775.000027,0.0,0
-19.803524,14,775.370274,0.7553035816932122,0
-73.341832,60,776.850592,0.0,0
-22.418015,15,777.229849,0.7515824775446981,0
-23.570538,16,777.651265,0.7511086842344707,0
-22.274368,15,778.066832,0.7503872203275468,0
-77.285957,60,779.66949,0.0,0
-17.222395,12,779.973387,0.7558385681420887,0
-75.448763,60,781.551097,0.0,0
-23.627576,16,781.963314,0.7563230898304543,0
-23.398245,16,782.422819,0.7688565782211476,0
-22.01888,15,782.834874,0.7532555245975541,0
-18.530542,13,783.188878,0.7538045280149558,0
-75.865672,60,784.652327,0.0,0
-22.426309,15,785.023284,0.7533661750423429,0
-76.218445,60,786.480279,0.0,0
-23.175484,16,786.871003,0.763281614842705,0
-18.674591,13,787.194107,0.7530195804750038,0
-77.125467,60,788.574353,0.0,0
-73.768667,60,790.043273,0.0,0
-23.158778,16,790.438717,0.7529250598985495,0
-44.388168,30,796.117756,0.751258978587573,0
-16.058803,11,796.392768,0.7600010084303419,0
-74.763361,60,797.854128,0.0,0
-26.302228,18,798.366801,0.7500905088943979,0
-78.276406,60,799.942866,0.0,0
-19.507662,14,800.398119,0.7541165795109614,0
-22.34691,15,800.910941,0.7566934056650669,0
-21.827789,15,801.319939,0.7532948355466623,0
-20.064171,14,801.675109,0.7637096957368043,0
-22.374678,15,802.022199,0.755233902466366,0
-76.045224,60,803.462235,0.0,0
-77.176311,60,804.884469,0.0,0
-22.097634,15,805.246012,0.7502415040431651,0
-25.128145,17,805.686149,0.7716880611861114,0
-24.297623,17,806.168137,0.7502007257441363,0
-76.678429,60,807.649683,0.0,0
-74.127466,60,809.18368,0.0,0
-73.367003,60,810.730681,0.0,0
-75.904589,60,812.245902,0.0,0
-18.65831,13,812.569033,0.7609600513022231,0
-20.815482,14,812.898844,0.7520164481577416,0
-18.93434,13,813.191257,0.7505224610427111,0
-77.812526,60,814.642181,0.0,0
-23.432046,16,815.062188,0.7539459694187163,0
-78.454361,60,816.598338,0.0,0
-78.407403,60,818.137642,0.0,0
-76.204716,60,819.646481,0.0,0
-77.905759,60,821.33922,0.0,0
-21.745121,15,821.743081,0.7518224302634482,0
-78.774872,60,823.241585,0.0,0
-77.252466,60,824.801295,0.0,0
-15.898368,11,825.078438,0.7631250431524002,0
-22.383918,15,825.47592,0.7548180675141161,0
-75.68999,60,826.990528,0.0,0
-18.927203,13,827.330938,0.7556682141892838,0
-24.538353,17,827.786626,0.7606552376540353,0
-74.135895,60,829.382392,0.0,0
-18.731328,13,829.72826,0.7518843052926772,0
-25.133228,17,830.177611,0.7589635483220227,0
-22.017796,15,830.589213,0.753693463933229,0
-24.943227,17,831.044075,0.7579501474423296,0
-18.469444,13,831.363171,0.7579274739330317,0
-21.978341,15,831.758386,0.752818412744815,0
-20.284516,14,832.124267,0.7630384622003457,0
-17.356423,12,832.444791,0.7511512088151567,0
-74.272121,60,833.951578,0.0,0
-23.592759,16,834.36976,0.7520113297249276,0
-21.163939,15,834.786165,0.7507489179262005,0
-77.933605,60,836.344154,0.0,0
-20.213323,14,836.717566,0.7567304388758048,0
-77.713065,60,838.277113,0.0,0
-77.090144,60,839.866591,0.0,0
-21.883485,15,840.246118,0.7529360899664008,0
-21.13448,14,840.625481,0.7522750866223625,0
-77.312521,60,842.104183,0.0,0
-76.045987,60,843.634489,0.0,0
-20.873933,14,843.978585,0.7528438359218279,0
-22.264967,15,844.351754,0.7505376976710149,0
-20.629856,14,844.727238,0.7592642904114845,0
-77.757459,60,846.246649,0.0,0
-20.109564,14,846.650107,0.7663118618065353,0
-27.327063,19,847.216871,0.7508157509931658,0
-78.355185,60,848.795467,0.0,0
-74.992197,60,850.368498,0.0,0
-23.088907,16,850.782021,0.7634820845049414,0
-21.638345,15,851.159487,0.7536435850913255,0
-23.607772,16,851.612833,0.7565662172063226,0
-26.242088,18,852.102233,0.7583757676793311,0
-22.952985,16,852.555108,0.7598413180417762,0
-78.481791,60,854.094732,0.0,0
-18.807276,13,854.412777,0.7556728325620217,0
-76.915031,60,855.888165,0.0,0
-23.587817,16,856.303937,0.750359367849459,0
-24.685981,17,856.767402,0.7631932827877902,0
-22.896859,16,857.182032,0.7566041454077381,0
-17.103824,12,857.490142,0.7530172054988766,0
-22.460762,15,857.878351,0.7505644999526078,0
-23.127387,16,858.31741,0.7523914929504797,0
-14.809524,10,858.577101,0.7610460637245832,0
-17.456447,12,858.900837,0.7533888275699396,0
-16.075038,11,859.200624,0.7592073775706654,0
-75.760466,60,860.744444,0.0,0
-75.907571,60,862.274611,0.0,0
-76.81249,60,863.756451,0.0,0
-75.244349,60,865.319932,0.0,0
-78.490305,60,866.87005,0.0,0
-72.74583,60,868.455623,0.0,0
-22.39969,15,868.853853,0.7524667585493854,0
-23.766193,16,869.25919,0.7594656904377202,0
-25.034845,17,869.695565,0.7558955193462386,0
-76.783806,60,871.233434,0.0,0
-23.799878,16,871.649884,0.762446224244114,0
-21.286084,15,872.051824,0.7547203876105837,0
-26.126107,18,872.529421,0.7554453246230534,0
-76.886233,60,874.087875,0.0,0
-76.148951,60,875.651014,0.0,0
-74.43086,60,877.203848,0.0,0
-78.309633,60,878.940918,0.0,0
-23.390545,16,879.411197,0.7529517133792957,0
-77.024709,60,881.141634,0.0,0
-74.151251,60,882.72555,0.0,0
-23.626811,16,883.153334,0.7526087770448279,0
-77.166979,60,884.730144,0.0,0
-21.729417,15,885.125173,0.753377315972223,0
-78.044388,60,886.632661,0.0,0
-26.29979,18,887.132705,0.7513446775361571,0
-17.385003,12,887.446618,0.7542466659120582,0
-21.720263,15,887.833905,0.7662792757733529,0
-77.041297,60,889.382788,0.0,0
-75.365432,60,890.960687,0.0,0
-76.835516,60,892.552318,0.0,0
-16.238756,12,892.845807,0.7549545409326044,0
-23.374824,16,893.246322,0.7506250450655595,0
-77.516961,60,894.721338,0.0,0
-76.89785,60,896.235629,0.0,0
-17.479165,12,896.526393,0.7659903101971601,0
-22.364056,15,896.91827,0.7587987168427418,0
-75.028161,60,898.485216,0.0,0
-75.64965,60,900.068964,0.0,0
-23.204312,16,900.488963,0.7662332506416709,0
-78.115676,60,902.208835,0.0,0
-23.814005,17,902.661245,0.7502349921237741,0
-23.479495,16,903.07621,0.7512343812909766,0
-73.265221,60,904.632965,0.0,0
-23.637419,16,905.038765,0.7590801598118809,0
-74.786074,60,906.600816,0.0,0
-74.682921,60,908.112233,0.0,0
-73.838763,60,909.636289,0.0,0
-73.623797,60,911.143222,0.0,0
-20.387676,14,911.467733,0.7578756069119118,0
-73.006573,60,912.995317,0.1742274040703211,0
-21.848611,15,913.408803,0.7527340332688768,0
-77.253393,60,914.881272,0.0,0
-22.503857,15,915.265664,0.7553366097022322,0
-73.735662,60,916.721682,0.0,0
-23.301591,16,917.097267,0.7538152256639491,0
-22.505936,15,917.481873,0.7627259117419493,0
-23.262279,16,917.887059,0.7720252251686879,0
-78.324851,60,919.348385,0.0,0
-79.096158,60,920.868316,0.0,0
-23.225651,17,921.351461,0.7501203884927845,0
-20.276817,14,921.706581,0.7587116517695383,0
-24.862445,17,922.141511,0.7525331622800835,0
-23.456885,16,922.559521,0.75833293928214,0
-76.139809,60,924.048647,0.0,0
-67.243177,50,930.287151,0.7643482382490625,0
-23.148887,16,930.718044,0.7631415251473597,0
-22.230592,15,931.108139,0.7542630479143524,0
-73.67932,60,932.792722,0.0,0
-26.376349,18,933.367028,0.759924012934585,0
-22.083418,15,933.761611,0.7553034703350581,0
-78.776975,60,935.24849,0.0,0
-21.703037,15,935.612859,0.7524052449898018,0
-77.743731,60,937.121087,0.0,0
-21.937099,15,937.482972,0.7506521097688332,0
-23.198536,16,937.918122,0.7655194855359275,0
-20.289847,14,938.263309,0.7620838844775701,0
-18.893251,13,938.575074,0.75686471344482,0
-78.3918,60,940.041436,0.0,0
-23.63918,17,940.519998,0.7554867442680214,0
-77.630593,60,942.244068,0.0,0
-75.939754,60,943.996083,0.0,0
-17.362019,12,944.313313,0.7539737340526004,0
-75.598398,60,945.965514,0.0,0
-20.243075,14,946.347275,0.7570810044259366,0
-19.881501,14,946.725972,0.7530872013736083,0
-22.205208,15,947.188035,0.7583850697253858,0
-23.292953,16,947.601102,0.7531717239743628,0
-78.613002,60,949.196033,0.0,0
-23.296178,16,949.61845,0.7525392966471942,0
-24.771209,17,950.047278,0.7571840560043727,0
-76.34814,60,951.642603,0.0,0
-19.345944,13,951.987295,0.7516922661588881,0
-25.311497,17,952.465943,0.7564201721076488,0
-20.314463,14,952.829092,0.7515077611744048,0
-23.036559,16,953.300152,0.7559198884396138,0
-78.032193,60,954.884207,0.0,0
-78.597576,60,956.489526,0.0,0
-76.06605,60,958.043338,0.0,0
-23.522926,16,958.45433,0.7600494071850901,0
-79.534822,60,960.127517,0.0,0
-78.614632,60,961.667948,0.0,0
-23.105514,16,962.093856,0.7622540989351367,0
-22.360648,15,962.549305,0.7530073169522311,0
-22.214793,15,962.988201,0.7609500154124897,0
-74.905959,60,964.560819,0.0,0
-78.884815,60,966.168021,0.0,0
-77.741429,60,967.723702,0.0,0
-17.397716,12,968.036214,0.7580998649020175,0
-77.276685,60,969.657396,0.0,0
-23.375525,16,970.061263,0.7503079236260735,0
-24.511689,18,970.541458,0.7569156562803111,0
-23.753836,16,970.976634,0.7676350256516653,0
-22.20194,15,971.47342,0.7509613201342606,0
-22.204482,15,971.903542,0.7529422776774228,0
-76.242988,60,973.486875,0.0,0
-18.79129,13,973.856897,0.7571584990315894,0
-27.957028,20,974.423726,0.7527442097283565,0
-79.448763,60,975.957262,0.0,0
-76.48693,60,977.562335,0.0,0
-23.498241,16,977.968129,0.7670263665612402,0
-75.920866,60,979.522947,0.0,0
-76.500891,60,981.111805,0.0,0
-23.245478,16,981.531192,0.750361791113234,0
-82.628221,60,983.145401,0.0,0
-22.620836,16,983.566355,0.765302202567434,0
-79.550122,60,985.164139,0.0,0
-17.09437,12,985.470002,0.7511598712765984,0
-22.426684,15,985.849685,0.7513236017520944,0
-75.161278,60,987.300665,0.0,0
-24.38274,17,987.765995,0.7638741667564853,0
-76.37925,60,989.294862,0.0,0
-21.627152,15,989.667345,0.7532439581698358,0
-20.465165,14,990.026761,0.7559680212542172,0
-25.478214,18,990.525618,0.7529290562876366,0
-21.883019,15,990.91437,0.75616925914209,0
-17.680463,12,991.21782,0.7529133195319306,0
-75.718809,60,992.776865,0.0,0
-23.721933,16,993.179506,0.7526972282353311,0
-75.249304,60,994.719607,0.0,0
-76.506606,60,996.219154,0.0,0
-76.856112,60,997.733484,0.0,0
-18.96221,13,998.07279,0.7547569475740001,0
-17.838422,13,998.419811,0.7605736355095527,0
-18.915471,13,998.71344,0.7547716105606393,0
-18.694713,13,999.046955,0.7572858620670019,0
-22.210524,15,999.439701,0.7540524862403765,0
-78.937317,60,1000.979594,0.0,0
-78.343682,60,1002.527138,0.0,0
-21.823054,15,1002.951739,0.7546382995124286,0
-77.816984,60,1004.515502,0.0,0
-76.917062,60,1006.041215,0.0,0
-22.225642,15,1006.430053,0.752284126618357,0
-23.047573,16,1006.821414,0.7658731953301531,0
-78.642791,60,1008.61748,0.0,0
-23.779728,16,1009.068702,0.7581426889447704,0
-18.763871,13,1009.414497,0.7575482635262962,0
-76.234008,60,1011.10523,0.0,0
-22.307662,15,1011.484191,0.7503134964959253,0
-78.055126,60,1013.004659,0.0,0
-28.10015,20,1013.553875,0.7533608229798042,0
-78.885323,60,1015.09645,0.0,0
-78.25887,60,1016.612939,0.0,0
-19.830571,14,1016.959903,0.7527862727588145,0
-74.203096,60,1018.414221,0.0,0
-78.445473,60,1019.988217,0.0,0
-22.176117,15,1020.377863,0.7560430619999765,0
-78.780787,60,1021.922887,0.0,0
-35.951086,27,1022.63203,0.7610088399999019,0
-21.160047,14,1022.989819,0.7561885617870341,0
-23.28551,16,1023.420494,0.7574029776549085,0
-77.434351,60,1024.990402,0.0,0
-77.004838,60,1026.572192,0.0,0
-75.839346,60,1028.099574,0.0,0
-77.339615,60,1029.672559,0.0,0
-79.146087,60,1031.259227,0.0,0
-76.136391,60,1032.779593,0.0,0
-76.913236,60,1034.289167,0.0,0
-76.585098,60,1035.841832,0.0,0
-27.632004,19,1036.345627,0.7555627377839004,0
-22.991206,16,1036.776666,0.7576615754540333,0
-25.437755,17,1037.248036,0.7533971406500678,0
-77.903493,60,1039.110048,0.0,0
-75.378204,60,1040.859028,0.0,0
-78.725131,60,1042.695545,0.0,0
-75.902792,60,1044.432189,0.0,0
-22.209686,15,1044.816023,0.754688665100394,0
-22.136231,15,1045.21419,0.7576935252756706,0
-75.853683,60,1046.788995,0.0,0
-77.418777,60,1048.31623,0.0,0
-18.742652,13,1048.643359,0.7633154390760353,0
-22.774441,16,1049.061774,0.7522344430693043,0
-79.619992,60,1050.634454,0.0,0
-17.499278,12,1050.93241,0.755000325612066,0
-77.197723,60,1052.494292,0.0,0
-20.195259,14,1052.860076,0.7578140759414576,0
-23.847395,16,1053.323236,0.7555020519345486,0
-16.133085,11,1053.61165,0.7509439833438727,0
-79.514459,60,1055.177568,0.0,0
-78.190701,60,1056.674401,0.0,0
-20.078675,14,1057.035704,0.7513325590673504,0
-17.411054,12,1057.338988,0.7629426670150027,0
-74.026563,60,1058.847991,0.0,0
-77.74534,60,1060.337488,0.0,0
