timestep,x,y,z,roll,pitch,yaw,phase
0.0,2.0,0.0,3.0,0.0,-0.0,0.0,0.0
0.0,1.9910926148724617,0.0,3.0052029017514785,-0.0,-0.0019219698188237492,0.0,0.0
1.0,1.9821037519003324,-3.3020434290472253e-09,3.01065270061364,-9.287185983438513e-08,-0.0043278294884374555,-8.989363562629322e-09,0.0
2.0,1.973112394248703,1.2448152549985979e-08,3.0161783041651296,2.698170507766887e-07,-0.007123352555863073,-3.658499811944957e-09,0.0
3.0,1.9641276201815974,-4.736367819127051e-09,3.0217576442086598,3.000477171228362e-07,-0.010460097348687742,1.2627534198733315e-08,0.0
4.0,1.955143154677249,5.1642010144519425e-09,3.0273545804984487,5.630494380678323e-07,-0.014287571654364596,2.704901341276552e-08,0.0
5.0,1.946153186688311,9.583477617923999e-09,3.0329634697021617,8.85627295795051e-07,-0.018433762643313718,3.7430596221056246e-08,0.0
6.0,1.9371555809609475,3.5872414790505026e-09,3.0385809056054347,1.0192849797930189e-06,-0.022689058307926186,4.313783733085179e-08,0.0
7.0,1.9281582261201335,8.778801626387023e-10,3.044210059137937,1.076570718713272e-06,-0.027062230417538094,4.6050707543582443e-08,0.0
8.0,1.9191567600165516,-3.315654622784695e-09,3.0498533770134735,1.0129049448625877e-06,-0.03144254489408721,4.6625527319651654e-08,0.0
9.0,1.9101539685201239,-1.9731806843769465e-09,3.055502739086963,9.842963280608266e-07,-0.03580415495150709,4.6516125176893244e-08,0.0
10.0,1.9011503714433733,-4.213342850835162e-09,3.0611712312979558,8.846851130984377e-07,-0.040145868326910736,4.521523506198976e-08,0.0
11.0,1.8921411661057637,-9.189367150581209e-10,3.0668448293367594,8.732008154963397e-07,-0.04433135895270997,4.42039812932588e-08,0.0
12.0,1.8831351204013211,-4.782505325903894e-09,3.0725370203238396,7.478688004030014e-07,-0.04848810144107836,4.204944556207293e-08,0.0
13.0,1.8741212556409461,3.845941260623993e-09,3.0782285040089636,8.559089822211752e-07,-0.05240618275828504,4.1396340827387684e-08,0.0
14.0,1.8651149646410412,-9.09199412990582e-09,3.0839300453169245,6.01772318286149e-07,-0.05632979086822374,3.7879848720982014e-08,0.0
15.0,1.8560977718230247,-2.479723076870424e-09,3.089632196879911,5.615933040189962e-07,-0.05996046234472884,3.705885340423933e-08,0.0
16.0,1.8470818258985893,6.436246200069913e-09,3.0953460356305627,7.216984892555325e-07,-0.06339762331662224,3.6683550033580854e-08,0.0
17.0,1.8380674273628064,4.956569293736678e-09,3.101066866825569,8.236832305762639e-07,-0.06669153435986477,3.497857429613519e-08,0.0
18.0,1.8290482911557178,7.768182557332822e-09,3.1067842855735295,1.0017975257333362e-06,-0.06972284043811507,3.3307182428665554e-08,0.0
19.0,1.8200324111253336,6.3215842858920965e-09,3.1125058451698138,1.1303543536470996e-06,-0.07260720037691452,3.065920977103633e-08,0.0
20.0,1.8110174524087357,-1.6762915285814374e-09,3.1182253363631602,1.0587445220465682e-06,-0.07535941235064687,2.7003151808551415e-08,0.0
21.0,1.80199776646576,-4.722502032622613e-09,3.1239416170005034,9.298783495233954e-07,-0.0778617280886202,2.3945839402356366e-08,0.0
22.0,1.7929780889661064,-5.7954648367853453e-11,3.129661621570555,9.267583974444156e-07,-0.08014251489062385,2.2017920407351746e-08,0.0
23.0,1.7839618149641991,4.096132732768215e-09,3.1353810041673777,1.019351184102659e-06,-0.08229143333042706,2.0386353694150447e-08,0.0
24.0,1.77494541033381,1.3081274642714107e-09,3.1410963332006143,1.033539645489638e-06,-0.08429411712520324,1.83046367515162e-08,0.0
25.0,1.7661191711396573,-5.666888333061474e-09,3.146006965375131,8.792109944114589e-07,-0.08597011909000798,1.610992306122551e-08,0.0
26.0,1.7572969394344873,-9.85950862624821e-09,3.1508950569580456,6.345854634902681e-07,-0.08737964138230335,1.4376568932549762e-08,0.0
27.0,1.7484782183256105,-8.244132880382722e-09,3.1557740772728593,4.400398337562385e-07,-0.08859214812475404,1.3416004461660728e-08,0.0
28.0,1.7396622969521023,-2.9083929312522077e-09,3.1606442963298154,3.7827334753098296e-07,-0.08965629144395298,1.3103548250168087e-08,0.0
29.0,1.7308475908375967,2.6167140076875984e-09,3.165508345234361,4.473197623407066e-07,-0.09058739581902768,1.3102454042552435e-08,0.0
30.0,1.7220336193711216,6.0646759982242245e-09,3.170366806065177,5.944703002898701e-07,-0.09139188183289894,1.3115606144949335e-08,0.0
31.0,1.713220730799803,7.082479262440405e-09,3.175219643902917,7.619215623152589e-07,-0.09208460408787325,1.29965073153025e-08,0.0
32.0,1.704409066194045,6.391930856522731e-09,3.180067903356201,9.104579586334023e-07,-0.09268531942407711,1.2721459156841269e-08,0.0
33.0,1.695598525770077,4.904168213875228e-09,3.184912585454999,1.0226300826206342e-06,-0.09321320596348938,1.2327254922684507e-08,0.0
34.0,1.6867893811033803,6.6357351284913145e-09,3.189759259138899,1.2086983312016004e-06,-0.09371183209213041,1.8401120594449488e-08,0.0
35.0,1.677981065506471,4.671916218798692e-09,3.1946017226819805,1.3651005017643116e-06,-0.09423396336715753,2.597603179213889e-08,0.0
36.0,1.6691756395531585,3.5176658141386465e-10,3.1994304081115392,1.3415819467936304e-06,-0.09476197056397712,2.0508278459689992e-08,0.0
37.0,1.6603696688945127,-1.7654475054199818e-08,3.204259683539029,5.927392550244089e-07,-0.09529063471698208,-2.5215481894796472e-08,0.0
38.0,1.6515641073852534,-9.977062988479683e-09,3.209085647657826,7.044314287243491e-07,-0.09582224626765043,3.3107452319110145e-08,0.0
39.0,1.6427591127648336,3.7851299770874764e-08,3.2139099895531,2.0640322929076825e-06,-0.09635919958353407,1.1920814099864554e-07,0.0
40.0,1.6339543614106116,3.450066782101176e-08,3.2187328319907618,2.8666802007141426e-06,-0.09690187746865847,1.2000204113162353e-07,0.0
41.0,1.6251500168749016,-3.938488472395778e-09,3.223554765316353,2.5419736366386654e-06,-0.09746382107803962,9.180885394377071e-08,0.0
42.0,1.6163464971036232,-3.290095155208748e-08,3.228375706193442,1.3933538414643158e-06,-0.09806375520842034,4.348996418960251e-08,0.0
43.0,1.6075437830871377,-3.099426687824229e-08,3.23319636244005,6.666715457627026e-07,-0.09872218462510134,3.272043976433171e-08,0.0
44.0,1.5987417268093145,-3.6065318505741655e-08,3.2380160618168756,-8.588819662709663e-07,-0.09944639851654194,-4.888853138526972e-08,0.0
45.0,1.5899399466768138,-5.562155906695566e-08,3.242836036518125,-2.7334605257631733e-06,-0.10024353703190114,-1.3309446606282563e-07,0.0
46.0,1.5811384333507428,-3.2551130191572674e-08,3.2476562241396567,-4.021393493950273e-06,-0.10111926396493187,-1.833233867410992e-07,0.0
47.0,1.5723368405529323,-9.98336719077982e-09,3.2524764825353243,-4.922891276305594e-06,-0.10206717003165894,-2.7094205929786884e-07,0.0
48.0,1.563534923642015,4.872072258674017e-08,3.257297696582283,-2.972187075453568e-06,-0.10308366540540913,-1.103422498473798e-07,0.0
49.0,1.5547328716956303,1.3394485476781014e-07,3.26211932896537,1.298260778069433e-06,-0.10416495737372905,3.722962733508975e-08,0.0
50.0,1.5455987864881497,-8.07066418639174e-09,3.2650838769744923,-1.1975875908911482e-06,-0.10523831625786878,-3.368601222045107e-07,0.0
51.0,1.5364673589113735,-2.3566820263647065e-07,3.2679958161100724,-9.343232809219709e-06,-0.10626603812052386,-6.819451589915124e-07,0.0
52.0,1.5273393721596382,-2.571807614866647e-07,3.270891416192667,-1.8123873901835353e-05,-0.10727239531923294,-1.1037744971656598e-06,0.0
53.0,1.5182129788126468,-2.3064329182739717e-07,3.2737810041935034,-2.636182106624332e-05,-0.10827018467806535,-1.601195009322374e-06,0.0
54.0,1.5090874086937576,-1.716070707339072e-07,3.2766685388759256,-3.301583494327296e-05,-0.10927029611073137,-2.11036269000829e-06,0.0
55.0,1.4999623426603155,-9.071468327675227e-08,3.2795547474130244,-3.761391747013277e-05,-0.11027919270167552,-2.627889145800111e-06,0.0
56.0,1.49083752050113,-2.0372605704431893e-08,3.2824408995652994,-4.047384642988453e-05,-0.11130215401258427,-3.1533146891466318e-06,0.0
57.0,1.4817129068415795,2.336413934709681e-08,3.2853273524574553,-4.227749875557461e-05,-0.11234517619511081,-3.6900579279388115e-06,0.0
58.0,1.4725886831743435,4.006468917657155e-08,3.288213647895313,-4.366685389583534e-05,-0.11341673785155039,-4.236687529944445e-06,0.0
59.0,1.4634650141733818,3.995154137354742e-08,3.291099285629972,-4.500246480626148e-05,-0.11452690508188976,-4.784931348028407e-06,0.0
60.0,1.4543418351707917,3.6022161812188684e-08,3.2939843286675403,-4.6327213596866254e-05,-0.115683660389445,-5.320390931644705e-06,0.0
61.0,1.4452188394522294,3.5404898542901756e-08,3.296869374585821,-4.752708120637832e-05,-0.11688948294470047,-5.833030995569662e-06,0.0
62.0,1.4360956438079144,3.975947590480581e-08,3.2997551079793994,-4.847793161134109e-05,-0.11814035247458238,-6.319690412426473e-06,0.0
63.0,1.4269721679920584,4.622160111678078e-08,3.302641398350356,-4.9164470640875744e-05,-0.1194312163457377,-6.785239895954785e-06,0.0
64.0,1.4178485959395908,4.937422876486679e-08,3.3055278204340457,-4.970498206274948e-05,-0.12076054366949869,-7.236807801222303e-06,0.0
65.0,1.40872508269334,4.281395284640958e-08,3.308414430932278,-5.038621164624346e-05,-0.1221311310148202,-7.685384315798124e-06,0.0
66.0,1.3996017759236754,2.5011742587781328e-08,3.3113013258949495,-5.150827694165214e-05,-0.12354949081382956,-8.142595896442468e-06,0.0
67.0,1.39047897865942,5.773374381429825e-09,3.3141879160951158,-5.307185846091136e-05,-0.12502634147125954,-8.610004099879531e-06,0.0
68.0,1.3813570048531307,1.3818673809849176e-09,3.3170733366789253,-5.463030853656906e-05,-0.1265752554273221,-9.07363651030149e-06,0.0
69.0,1.3722358566238257,2.1720886136232187e-08,3.3199573269314784,-5.549970258965557e-05,-0.12820762426813007,-9.51065026048697e-06,0.0
70.0,1.3631150516763366,5.946119242334671e-08,3.322840707060347,-5.5244034198908836e-05,-0.12992614949550818,-9.9053852401219e-06,0.0
71.0,1.3539940755391944,9.028266193653692e-08,3.3257241863670908,-5.4072981021242404e-05,-0.1317251367196614,-1.0256350105463834e-05,0.0
72.0,1.3448729981360223,9.243546881558248e-08,3.328607472869697,-5.2729795121682216e-05,-0.1336008437259862,-1.056909586742052e-05,0.0
73.0,1.3357520652978545,5.7009558581568186e-08,3.331490656641348,-5.2160121488685494e-05,-0.1355563787099435,-1.0854686101209927e-05,0.0
74.0,1.3266314780157398,-1.06559202813012e-09,3.334374033391861,-5.288446039868742e-05,-0.13760016525645047,-1.1121518232817347e-05,0.0
75.0,1.3173173156419944,-1.413407197425305e-07,3.335807178001978,-5.833174911436171e-05,-0.1396366393654491,-1.1706396738986794e-05,0.0
76.0,1.308007306677512,-2.1845442490727029e-07,3.337202029984268,-6.576769966802475e-05,-0.14165321263642336,-1.2442260091147078e-05,0.0
77.0,1.2987008811390763,-1.6506533169075234e-07,3.338586621859403,-7.160412946015017e-05,-0.1436857713769561,-1.3192372249229124e-05,0.0
78.0,1.2893959126560395,-3.61894017258987e-08,3.3399680985258233,-7.41386391932431e-05,-0.14575306170067487,-1.3924645049787763e-05,0.0
79.0,1.2800918811808806,9.216112766042088e-08,3.341347928695004,-7.350507495258396e-05,-0.14786961479866442,-1.4639935890229137e-05,0.0
80.0,1.2707886132557327,1.5604122009262842e-07,3.342727829892252,-7.14474468094293e-05,-0.1500555648136718,-1.5390201063171758e-05,0.0
81.0,1.2614863225798072,1.2598456377264093e-07,3.3441083984573656,-7.027875702846112e-05,-0.15233729958365444,-1.6210618440050377e-05,0.0
82.0,1.252185579316311,2.3915758810322903e-08,3.3454886546248943,-7.158581250701666e-05,-0.15474746077759977,-1.7090391932008194e-05,0.0
83.0,1.2428862387860056,-9.692328346113692e-08,3.3468683244723523,-7.560507981966576e-05,-0.15731061769586993,-1.7980168593948898e-05,0.0
84.0,1.233587119433638,-1.842336665981815e-07,3.348248417376681,-8.13069534557683e-05,-0.1600259754571496,-1.881647471197503e-05,0.0
85.0,1.22428749298204,-2.0010372641403845e-07,3.349629435665614,-8.72699104404576e-05,-0.162887154158348,-1.9640956141572653e-05,0.0
86.0,1.2149877234260966,-1.4356872526142453e-07,3.3510099751132154,-9.148649898553996e-05,-0.16588331305602677,-2.0406802976457503e-05,0.0
87.0,1.2056872421936442,-4.1333947925098764e-08,3.3523923535800346,-9.302669349065077e-05,-0.1690048590256784,-2.1141494841164643e-05,0.0
88.0,1.1963862767470164,4.2550415630372425e-08,3.3537766266784717,-9.242559008973067e-05,-0.17224612631660202,-2.1848492969678345e-05,0.0
89.0,1.1870849446531428,6.587890079351055e-08,3.355161069811165,-9.105336613950145e-05,-0.17559321473029238,-2.248421602601115e-05,0.0
90.0,1.1777819958426632,2.8926759718039568e-08,3.3565458084865942,-9.029982277871122e-05,-0.17900324658544947,-2.300622630388993e-05,0.0
91.0,1.1684766160257478,-2.096211374223725e-08,3.3579308451969108,-9.048013932234172e-05,-0.18242021967555955,-2.3403810674104952e-05,0.0
92.0,1.159169603955539,-1.9281433810567942e-08,3.3593162716439102,-9.042349021024651e-05,-0.18581324617774836,-2.3707897850767836e-05,0.0
93.0,1.1498618012180846,5.652431449430797e-08,3.3607034703826453,-8.848308204559338e-05,-0.18917886483433166,-2.398257618479589e-05,0.0
94.0,1.140554118161897,1.6347477606066996e-07,3.362091801262958,-8.394710474045948e-05,-0.19252700443940907,-2.423853928628094e-05,0.0
95.0,1.1312466507452028,2.170247425072218e-07,3.3634797427950547,-7.806396148839961e-05,-0.19585578215650187,-2.4437670316561687e-05,0.0
96.0,1.1219376272911143,1.433994886156715e-07,3.3648676004363796,-7.389759757951932e-05,-0.19912220384130747,-2.4542687480137308e-05,0.0
97.0,1.1126261049716712,-5.1799882173861284e-08,3.3662554256441113,-7.437689611157254e-05,-0.2022691527793104,-2.4572755404387664e-05,0.0
98.0,1.1033127209478357,-2.60141090010989e-07,3.367643876383907,-7.977539678270791e-05,-0.20526433174815395,-2.457221515722645e-05,0.0
99.0,1.0939981792610467,-3.2995753731899196e-07,3.3690345444641747,-8.673237328169945e-05,-0.2081021904142603,-2.45876489100059e-05,0.0
100.0,1.0846124050260157,-1.7976718696372596e-07,3.3700569924096535,-8.836461417738259e-05,-0.2107685663078998,-2.4268104585166962e-05,0.0
101.0,1.075227995147597,2.281196775679028e-07,3.3710732842689852,-8.07616687084433e-05,-0.21328427523913623,-2.3695210567719137e-05,0.0
102.0,1.065844397760617,5.486116555771389e-07,3.372088496940007,-6.591524602751327e-05,-0.2156598354913784,-2.3114034011842678e-05,0.0
103.0,1.05646042782187,6.981880534738947e-07,3.3731033707848903,-4.8192245599682276e-05,-0.2178836836663156,-2.2621177920697942e-05,0.0
104.0,1.0470760370636982,5.975884241712416e-07,3.374118974789057,-3.3381839107753866e-05,-0.21995564648157073,-2.232895639280179e-05,0.0
105.0,1.0376920056427839,3.1248469329361013e-07,3.375134677454459,-2.5606368087458725e-05,-0.2218915783656356,-2.2165957501355833e-05,0.0
106.0,1.028308846425752,-4.9438799424004824e-08,3.3761507851092065,-2.6886459898826554e-05,-0.2237178176970167,-2.213982787285822e-05,0.0
107.0,1.0189268621243943,-3.5229482403946704e-07,3.377166639480899,-3.504615351265944e-05,-0.2254599575689278,-2.2134403950715775e-05,0.0
108.0,1.0095462074170698,-4.751437080518722e-07,3.3781812856021434,-4.525078349637542e-05,-0.2271401739802388,-2.1947859635001117e-05,0.0
109.0,1.0001666683213595,-4.386414311343881e-07,3.3791941750822825,-5.43818599750055e-05,-0.228770225053761,-2.160382045523334e-05,0.0
110.0,0.9907877726659496,-3.017309005946989e-07,3.380205529593244,-6.0080017846274765e-05,-0.23035294012075952,-2.119516506323916e-05,0.0
111.0,0.9814092324738246,-1.0638896715616086e-07,3.381215583010094,-6.104410417233422e-05,-0.2318871578333155,-2.0757580806359653e-05,0.0
112.0,0.9720308258232019,8.536549566164378e-08,3.3822249265522006,-5.758715574899321e-05,-0.23337343221006088,-2.031149758132928e-05,0.0
113.0,0.9626528781435667,2.222432401165733e-07,3.3832329639652152,-5.073507802148025e-05,-0.23481014595015942,-1.9941221289543463e-05,0.0
114.0,0.9532748401663141,2.7569617740065687e-07,3.384240967200611,-4.2843737768801254e-05,-0.23619863662728907,-1.954620699200681e-05,0.0
115.0,0.9438971854449956,2.1589910323300635e-07,3.385248516869724,-3.69278630128249e-05,-0.2375458642068844,-1.9244748120913405e-05,0.0
116.0,0.9345200690593088,8.399856389736505e-08,3.3862552719458803,-3.423401070741229e-05,-0.23885838900246115,-1.901544463240715e-05,0.0
117.0,0.9251434087134897,-6.208432118634672e-08,3.3872613085490304,-3.509390285567228e-05,-0.24014190156524148,-1.8800588365934264e-05,0.0
118.0,0.9157672439088714,-1.8846190307431417e-07,3.3882664693898414,-3.8979781543800916e-05,-0.24140166434375934,-1.8592695046238853e-05,0.0
119.0,0.9063915860425953,-2.5844821622775125e-07,3.3892706714540113,-4.448672914866599e-05,-0.24264309917462423,-1.8386557648752967e-05,0.0
120.0,0.8970164414584114,-2.510044359408845e-07,3.3902739272410116,-4.974783508705868e-05,-0.24387172169786558,-1.818829514316523e-05,0.0
121.0,0.8876417955661059,-1.4652415556500526e-07,3.3912765834094096,-5.205986076338049e-05,-0.2450973438866738,-1.7966685350397067e-05,0.0
122.0,0.8782676157206234,-1.7615339698915527e-08,3.392277775929591,-5.225804210560306e-05,-0.2463162733937495,-1.7842040248854474e-05,0.0
123.0,0.8688932667125615,1.915006766043033e-07,3.3932792523301427,-4.4981683726232744e-05,-0.24752519771872228,-1.735889864200906e-05,0.0
124.0,0.8595190559841118,4.470227846477028e-07,3.3942800449763224,-3.271605356928187e-05,-0.24872572619117864,-1.6908749828992826e-05,0.0
125.0,0.850128092196367,4.816135617847147e-07,3.3950657920556133,-2.0137665347348157e-05,-0.24990862546494513,-1.6563079149930988e-05,0.0
126.0,0.8407376557822793,3.928143988386297e-07,3.3958467068272973,-1.0932878597594978e-05,-0.25106168440159543,-1.6461275357625573e-05,0.0
127.0,0.8313473628132919,2.419143667798445e-07,3.396626841558206,-4.696778098287808e-06,-0.25218228253625025,-1.634231695403359e-05,0.0
128.0,0.8219569539427368,1.5567168874500203e-07,3.3974067164391744,-9.842595648367035e-07,-0.25326758380189707,-1.6283660130368733e-05,0.0
129.0,0.8125664971848908,4.482485673114083e-08,3.398186763680251,-1.9866201404849593e-07,-0.2543184706747736,-1.6297973315319468e-05,0.0
130.0,0.8031758952432648,-2.915308128337981e-08,3.3989673364037736,-1.195080808514209e-06,-0.25533623966922475,-1.634597773628352e-05,0.0
131.0,0.7937851981997243,-5.93879307733614e-08,3.3997485909313006,-2.8308145816831976e-06,-0.25632390225430746,-1.6402627322088403e-05,0.0
132.0,0.7843945696473396,-5.428579435421256e-08,3.400530316168487,-4.382613130871296e-06,-0.2572865509691399,-1.6472523170617973e-05,0.0
133.0,0.7750040508951533,-5.5025179669498725e-08,3.4013124272163684,-5.951682850900549e-06,-0.25822921921961195,-1.6538453864456373e-05,0.0
134.0,0.7656134776082806,-5.888837298073301e-08,3.4020951326532543,-7.600860403935429e-06,-0.25915414743928133,-1.659681154164628e-05,0.0
135.0,0.756222599328722,-7.177036441448126e-08,3.402878635081651,-9.521014519106841e-06,-0.2600590700141783,-1.6649027537989978e-05,0.0
136.0,0.7468313130199328,-9.361789173199129e-08,3.4036628588277216,-1.189111637011201e-05,-0.26093916868742184,-1.6698831895550078e-05,0.0
137.0,0.7374396392771294,-1.1542245248858975e-07,3.404447664038908,-1.4734768705629e-05,-0.26178948803268276,-1.6733963192611546e-05,0.0
138.0,0.7280476604164008,-1.3233132302856434e-07,3.4052329527454166,-1.7991868953704244e-05,-0.2626065245018108,-1.674910030971757e-05,0.0
139.0,0.7186554765157407,-1.4864258164449115e-07,3.4060186561712955,-2.164902882137196e-05,-0.26338885268821005,-1.6746058485899126e-05,0.0
140.0,0.7092632227142353,-1.659544007729239e-07,3.4068047007367994,-2.5724647508548837e-05,-0.26413791820095645,-1.6723308046474338e-05,0.0
141.0,0.6998709635104751,-1.8484706538904134e-07,3.407591240610535,-3.0106150073771525e-05,-0.2648582294689258,-1.669364857237698e-05,0.0
142.0,0.6904788783216013,-1.9004180446606496e-07,3.4083781156210757,-3.4474114966059305e-05,-0.2655562855268668,-1.6677385276400366e-05,0.0
143.0,0.6810868892504581,-1.8585343049262477e-07,3.409165366293851,-3.8573291607432305e-05,-0.2662370752362699,-1.665849439671395e-05,0.0
144.0,0.6716950489755098,-1.6102566226680415e-07,3.4099527449140004,-4.194610362317364e-05,-0.2669046303921424,-1.6625727621211757e-05,0.0
145.0,0.6623033110825537,-1.2125671861932367e-07,3.410740058883036,-4.429605562167379e-05,-0.26756012107679644,-1.6579024322341374e-05,0.0
146.0,0.6529115450350845,-7.773033716660601e-08,3.411527236871579,-4.56016414132742e-05,-0.26820093452478844,-1.6524811617769265e-05,0.0
147.0,0.6435196237099744,-4.149794938782845e-08,3.4123142386875847,-4.60909413042084e-05,-0.26882146403445617,-1.647207647625128e-05,0.0
148.0,0.6341275126637683,-2.0408121196289167e-08,3.4131009477756904,-4.6159126588256956e-05,-0.2694149843544459,-1.6428862566278917e-05,0.0
149.0,0.6247352820111629,-1.8876941054716504e-08,3.413887227743597,-4.6326122017435364e-05,-0.26997624004194865,-1.6407077962861695e-05,0.0
150.0,0.6149879719824258,-1.570566672454706e-08,3.4141063267083744,-4.616782516487985e-05,-0.2705818140381821,-1.63539790123552e-05,0.0
151.0,0.6052391836050863,2.0540525526656213e-09,3.4143122752871204,-4.537228028423933e-05,-0.27114395699059474,-1.629316385208754e-05,0.0
152.0,0.5954915735256106,9.46401241878992e-09,3.41451456405101,-4.432620723394644e-05,-0.27166725502188344,-1.6223184645166406e-05,0.0
153.0,0.5857450658899628,4.1852001773216714e-09,3.4147150846822196,-4.341727549703501e-05,-0.27216370191282324,-1.614864269333078e-05,0.0
154.0,0.5759993645567318,-7.109845892687403e-09,3.4149145261122706,-4.2826427943331026e-05,-0.2726431078679831,-1.6074208558799343e-05,0.0
155.0,0.5662542890481175,-1.7775890567959683e-08,3.415113206504997,-4.2561404486395666e-05,-0.2731138415638838,-1.600389590760316e-05,0.0
156.0,0.556509717344302,-2.3155236686749598e-08,3.415311282910403,-4.250887858338137e-05,-0.2735824333809411,-1.594004347983505e-05,0.0
157.0,0.5467656321480764,-2.110082842317884e-08,3.4155086941923645,-4.250394193678501e-05,-0.27405466665236144,-1.5885472009773055e-05,0.0
158.0,0.5370220617357935,-1.1821154724795007e-08,3.415705276673052,-4.2387994846221834e-05,-0.2745357557160703,-1.584322933906932e-05,0.0
159.0,0.5272789112143843,4.293071247751248e-09,3.415901228387576,-4.198443282151625e-05,-0.2750299740214024,-1.5813224551643897e-05,0.0
160.0,0.5175360081450343,2.5939115137946414e-08,3.4160965978493234,-4.155270651638143e-05,-0.27553553595155134,-1.5794804726854433e-05,0.0
161.0,0.5077932756785939,7.125967920835603e-08,3.416291629327654,-3.8589671027575505e-05,-0.27605619943327325,-1.5710145109179745e-05,0.0
162.0,0.49805086139483046,1.4761362970340344e-07,3.4164861987060697,-3.413589701085476e-05,-0.2765944098357188,-1.564917564480081e-05,0.0
163.0,0.4883086216473822,1.5864712946458817e-07,3.416680327859038,-2.9694568267784643e-05,-0.27714990691424407,-1.5547880607187406e-05,0.0
164.0,0.47856648462964446,1.460411146286889e-07,3.416874088747804,-2.5659219956440532e-05,-0.27772223825976206,-1.5458716212951373e-05,0.0
165.0,0.4688244554359536,1.1628441383969273e-07,3.4170675432699746,-2.243499210514876e-05,-0.2783112958593153,-1.5383565880861516e-05,0.0
166.0,0.4590824564040356,7.606184624750223e-08,3.4172609526387374,-2.025872820320242e-05,-0.2789172679266569,-1.5321162970096478e-05,0.0
167.0,0.4493403935879797,3.368194364975228e-08,3.4174545395698157,-1.916588185294814e-05,-0.2795396497553455,-1.5270368555447054e-05,0.0
168.0,0.4395981459936801,-2.98666949877631e-09,3.4176483743633113,-1.9006739150472512e-05,-0.2801756896507744,-1.5229829634775661e-05,0.0
169.0,0.42985592285599294,-2.4954737239913258e-08,3.41784225647083,-1.9421259186363675e-05,-0.2808257229931205,-1.5199725884312163e-05,0.0
170.0,0.42011357174349223,-2.994136448624549e-08,3.41803602396492,-1.9992119015645678e-05,-0.2814860913458476,-1.5178540321952691e-05,0.0
171.0,0.4103710509566909,-1.6325787770911196e-08,3.4182297804686312,-2.0253205074908953e-05,-0.2821533104491597,-1.5162975021988816e-05,0.0
172.0,0.40062839334704536,1.3869356289807721e-08,3.4184235436637365,-1.978759224619016e-05,-0.28282517837271365,-1.5149266408223676e-05,0.0
173.0,0.3908857830927926,5.474355460690247e-08,3.41861723423461,-1.8333219639588637e-05,-0.28350314092560924,-1.5135088391518355e-05,0.0
174.0,0.3811434316895294,9.677251533421072e-08,3.4188108918715767,-1.586710452852477e-05,-0.28419374044365275,-1.5119996387514573e-05,0.0
175.0,0.37121466372650935,1.244724482420146e-07,3.4183694153520974,-1.257659411958372e-05,-0.28494709413147024,-1.5093555828170509e-05,0.0
176.0,0.3612871678257402,1.4775558633236633e-07,3.4179132642786465,-8.592458457553864e-06,-0.2857194479898954,-1.5046190851104017e-05,0.0
177.0,0.3513619361700851,1.4681452121943788e-07,3.4174528309171595,-4.602399515389301e-06,-0.2865305886699104,-1.4982096941736646e-05,0.0
178.0,0.3414380331837121,1.2258283331559114e-07,3.416990284854163,-1.0279586013162292e-06,-0.2873890243029989,-1.4880666130442982e-05,0.0
179.0,0.3315144319144265,7.888600216116871e-08,3.416526989385752,1.5001449408781824e-06,-0.288291079074677,-1.478667395535271e-05,0.0
180.0,0.3215905616145402,2.4415908451527802e-08,3.4160635658042464,2.4377222856803235e-06,-0.28922861899405405,-1.471267851656801e-05,0.0
181.0,0.31166646714633556,-3.9108804054613905e-08,3.4155998942805685,1.7101274341737886e-06,-0.2901934408800784,-1.4663094309478762e-05,0.0
182.0,0.3017421342144911,-8.56627699116686e-08,3.415136121193069,-1.9994622156567377e-07,-0.29117964625552184,-1.4633974850588625e-05,0.0
183.0,0.2918176725503229,-1.0990652185455154e-07,3.414672489604249,-2.709339920371876e-06,-0.2921859666589655,-1.4617546864123415e-05,0.0
184.0,0.2818932804982058,-1.1607998761097458e-07,3.4142089817966212,-5.37961881391454e-06,-0.2932151110897868,-1.4608902238276067e-05,0.0
185.0,0.27196911566188664,-1.0877179422740209e-07,3.413745365470153,-7.904902639532337e-06,-0.2942711612059755,-1.460622681353909e-05,0.0
186.0,0.2620438507579889,-8.158410599283942e-08,3.4132824346554638,-9.823905911599268e-06,-0.29534349562599743,-1.4622995591704396e-05,0.0
187.0,0.2521214576938087,-5.108174488708457e-08,3.4128179206404288,-1.0876213368028948e-05,-0.2964668606331265,-1.4617592835021007e-05,0.0
188.0,0.24219678592856722,1.0761376778257016e-08,3.4123533433124242,-1.0428312159505231e-05,-0.2976085506195539,-1.4584310120619573e-05,0.0
189.0,0.2322720653944268,8.005308888467841e-08,3.411888373836365,-8.34322314295211e-06,-0.2987585063490787,-1.4583830567221876e-05,0.0
190.0,0.22234724985319318,1.204866769776313e-07,3.411423274848722,-5.349420922532431e-06,-0.29991232178569616,-1.4568504743214738e-05,0.0
191.0,0.21242218895289466,1.1718349065197762e-07,3.4109585750154423,-2.524157231044926e-06,-0.3010704495896967,-1.4560938020392173e-05,0.0
192.0,0.2024975340726674,7.216605731538386e-08,3.4104943052424375,-8.459323166254439e-07,-0.30224481221752186,-1.456027057950388e-05,0.0
193.0,0.19257352043164955,1.4953253032755855e-08,3.4100303194450414,-5.448639737439939e-07,-0.30345102415976644,-1.456285011441931e-05,0.0
194.0,0.18264987368952507,-1.7330769940466082e-08,3.4095666581122046,-9.626820447113582e-07,-0.3046981194547543,-1.456506414498223e-05,0.0
195.0,0.172726161066695,-1.0490323838650629e-08,3.4091032908368515,-1.151812872557802e-06,-0.3059850024301385,-1.4565732287026785e-05,0.0
196.0,0.16280208854714137,1.2437255684373148e-08,3.4086401675841795,-7.771477913597705e-07,-0.307303927169724,-1.4566008051417157e-05,0.0
197.0,0.1528775549758632,1.2521016369892798e-08,3.4081773355231544,-4.4623619600146327e-07,-0.3086456898589805,-1.4566943600433832e-05,0.0
198.0,0.14295265384187486,-2.3469681222214956e-08,3.4077147096153406,-1.025150849574014e-06,-0.3100029395592682,-1.4567436717607178e-05,0.0
199.0,0.1330274658155511,-6.441596502252436e-08,3.4072521852430553,-2.5645360742213623e-06,-0.31136941474953317,-1.4565021742951806e-05,0.0
200.0,0.13276304928214352,-4.908925051044762e-08,3.407231625343104,-3.682820398906351e-06,-0.31025748085732907,-1.4568456677363894e-05,0.0
201.0,0.13262504425795765,-1.7140078053891004e-08,3.4071677867325083,-4.046875875206181e-06,-0.30876582905667604,-1.4575236402594991e-05,0.0
202.0,0.132517370844538,5.488960632210553e-08,3.407060540057149,-2.6263764067503765e-06,-0.3072127253992227,-1.4582403792640655e-05,0.0
203.0,0.13239810189968346,2.0578364866733242e-07,3.4069560278192053,2.492704530239452e-06,-0.3053410857890678,-1.4587895132034414e-05,0.0
204.0,0.13230046675946572,1.030477523882366e-07,3.4068328900701474,4.7169462227172724e-06,-0.30357710129995963,-1.4581821256569586e-05,0.0
205.0,0.1322189044322744,-1.2660927391619748e-07,3.4066831983325585,1.3861312174339687e-06,-0.30207840265482866,-1.4576297466564367e-05,0.0
206.0,0.13210454128638535,1.865145653855893e-08,3.4066110973641726,3.1366390268731635e-07,-0.30044158058312753,-1.4881381727185938e-05,0.0
207.0,0.13198923087923992,-5.308411093302619e-07,3.406472085110452,-1.9571319371412708e-05,-0.2984030695997469,-1.4481565724722252e-05,0.0
208.0,0.13188980824782234,-1.6530327027695488e-06,3.4063214032597697,-7.749229783458689e-05,-0.2962901313216712,-1.3150085311681718e-05,0.0
209.0,0.13179255784326685,-1.801575238174221e-06,3.4061835865699637,-0.00012313966153933444,-0.2942253366156439,-1.2641049141442371e-05,0.0
210.0,0.13169226175904084,-1.961452920260005e-07,3.4060656586468476,-0.00013005829102482415,-0.2922640976964763,-1.2186727785187369e-05,0.0
211.0,0.1315892293639783,6.675536154465392e-07,3.40593826914517,-0.00011676110233795535,-0.2902671876370575,-1.1688820478852498e-05,0.0
212.0,0.13148110040303942,1.0073859254583924e-06,3.405814370554481,-9.681008430271373e-05,-0.2881539099636925,-1.1319335639909964e-05,0.0
213.0,0.13137304329594,7.562470624819373e-07,3.4056899441540445,-7.219301532350683e-05,-0.28594329498273374,-1.1678796116180087e-05,0.0
214.0,0.13126735154758687,2.9542562058561067e-07,3.4055557993340377,-5.8254234650801206e-05,-0.283640863778461,-1.2542263751904375e-05,0.0
215.0,0.13116162959356956,-2.0966466371757022e-07,3.4054231278475036,-5.896185420637489e-05,-0.28124290246478767,-1.3327395137523995e-05,0.0
216.0,0.13105411325208666,1.8129767461317694e-07,3.40530250806385,-5.014631348336047e-05,-0.27878731040595206,-1.3976899210580713e-05,0.0
217.0,0.13094798431963758,1.3617422565986052e-06,3.4051680931336716,-1.4084406361049386e-05,-0.27622733102292346,-1.4404870945331427e-05,0.0
218.0,0.13084129724366622,2.3417552844466246e-06,3.405035411896694,4.325999941421264e-05,-0.27356330434784193,-1.455897001213355e-05,0.0
219.0,0.13073450366374634,1.8727308307572908e-06,3.404903138372295,8.559577893518448e-05,-0.270797610226061,-1.41030056918078e-05,0.0
220.0,0.1306281237287718,-1.2728822759729724e-07,3.404769092834376,7.67424136559068e-05,-0.2679310800974208,-1.2937339134085567e-05,0.0
221.0,0.13052213537486462,-1.9397643677261263e-06,3.404630438463106,2.4526414021505212e-05,-0.26495150482794294,-1.1505114735240312e-05,0.0
222.0,0.13041787643046973,-1.5829519189496127e-06,3.404489295556069,-1.5418899289090816e-05,-0.26188692140911446,-1.0483658651967562e-05,0.0
223.0,0.13031516220931041,6.696054764900025e-07,3.4043502778292107,1.5126487533839694e-06,-0.2587796143798449,-1.0105959172864785e-05,0.0
224.0,0.13020960917975943,2.02206927250426e-06,3.404215336071132,4.680049636643475e-05,-0.25560861396831536,-9.72333087370561e-06,0.0
225.0,0.13007334780078017,6.300877791910587e-07,3.4040706575637127,5.452935316488922e-05,-0.25228407673550163,-8.702895731252302e-06,0.0
226.0,0.12993455688112707,-1.2464909591982897e-06,3.403918539141477,1.8016184750742142e-05,-0.24872067538124767,-7.301066190339285e-06,0.0
227.0,0.12979909809524576,-8.214882355249389e-07,3.403764754704699,-2.9786459021138294e-06,-0.2450066021884724,-6.484089356001374e-06,0.0
228.0,0.12966743042079312,1.3924933166950918e-07,3.4036196567073356,-3.374534085770911e-07,-0.24128607762533075,-6.1262224639812e-06,0.0
229.0,0.12953287013574463,-1.0236973845781342e-06,3.4034878670612447,-2.882754944765876e-05,-0.2375546416109937,-5.474042212014454e-06,0.0
230.0,0.12939383125965662,-1.727163382589125e-06,3.403356814838934,-7.123207044057935e-05,-0.23371079828630917,-4.966113212303808e-06,0.0
231.0,0.1292567164135369,1.45050366006188e-07,3.4032188096385316,-6.369765050275656e-05,-0.22977962601736998,-5.313527641886313e-06,0.0
232.0,0.1291227419051274,8.945914696444068e-07,3.403075951537743,-4.165256684546374e-05,-0.2258162169333029,-5.699882851974521e-06,0.0
233.0,0.12898540626751073,-1.015021239801316e-06,3.4029403382184906,-6.944072791317094e-05,-0.22177422100387334,-5.405562746348476e-06,0.0
234.0,0.12884753412485775,-8.697242077337581e-07,3.402814750222018,-8.800372128180035e-05,-0.2177007750170944,-5.513294460114534e-06,0.0
235.0,0.12871596395528317,8.318802937594653e-07,3.4026921595566217,-6.413472612603608e-05,-0.2137651206962605,-6.1787260812186724e-06,0.0
236.0,0.12858439154933196,-1.5217053757674215e-07,3.4025788103322903,-6.965827110705808e-05,-0.20999396680374602,-6.2701825949039805e-06,0.0
237.0,0.12844779123826927,-1.203007183751112e-06,3.402467439732736,-9.859445343666406e-05,-0.20626649208396933,-6.200103731376269e-06,0.0
238.0,0.12831337273815868,2.020985374006412e-07,3.40236042673854,-8.930576272234242e-05,-0.20266535213972967,-6.753601783107074e-06,0.0
239.0,0.12818112940823695,4.691716354814655e-07,3.4022452590327408,-7.721771081947578e-05,-0.1991953748301044,-7.1865029051473765e-06,0.0
240.0,0.12804220369757416,-9.388976302808697e-07,3.4021363162742038,-0.00010110049564782342,-0.19571247452869212,-7.1606603815997595e-06,0.0
241.0,0.12789926270360646,-1.8468186462006133e-07,3.402021173120252,-0.000101879747990859,-0.1921013068915814,-7.600324700045378e-06,0.0
242.0,0.1277619927468406,1.503823407266379e-06,3.401892956233781,-6.207625018714018e-05,-0.1884577155968649,-8.4240394282395e-06,0.0
243.0,0.12762795884117548,1.1414533077580682e-07,3.401758341113748,-6.21364280316886e-05,-0.18483046060642092,-8.52436146292372e-06,0.0
244.0,0.12749022514518452,-1.1829333776817738e-06,3.401628779675433,-9.106941394277068e-05,-0.18114284105878087,-8.419910700383261e-06,0.0
245.0,0.12735346141369885,1.1497638910361187e-06,3.4014933704683865,-5.751847826502989e-05,-0.17740955890854992,-9.196569559685381e-06,0.0
246.0,0.12722159790364249,1.6147497089650006e-06,3.4013447079524197,-1.9087283883784863e-05,-0.17370230332301229,-9.704748140668835e-06,0.0
247.0,0.12708276757650017,-1.2740508151344961e-06,3.401214092266905,-5.4945348874906486e-05,-0.16991425128111307,-9.229840702431481e-06,0.0
248.0,0.12693945791814323,-1.3556174536303648e-07,3.4010997326080563,-5.379784887191631e-05,-0.1660081029156946,-9.524386849817009e-06,0.0
249.0,0.1268037172631342,1.526107991815951e-06,3.4009876465654822,-1.4738779928381618e-05,-0.1621853996772279,-1.0115756333794421e-05,0.0
250.0,0.1266611961039866,-1.0643576610118828e-06,3.4008696324671623,-4.570549766626664e-05,-0.1583474724790636,-9.687410334211753e-06,0.0
251.0,0.12651030934266694,-1.25026794976046e-06,3.4007421485630496,-7.3519093171916e-05,-0.1542612481612375,-9.652909763928151e-06,0.0
252.0,0.12636828621249363,1.3620606887169454e-06,3.400627934898238,-3.532471222969435e-05,-0.15022614239870058,-1.0441353387314939e-05,0.0
253.0,0.12623575671917348,-2.5732113788163236e-07,3.400538736791061,-4.5315925796803764e-05,-0.1465187712945002,-1.0356088581651287e-05,0.0
254.0,0.12609091157871802,-1.7136516860044288e-06,3.4004244616305495,-8.69165239637999e-05,-0.1427299342736153,-1.0123947379648505e-05,0.0
255.0,0.12594563811020792,1.2929610622392203e-06,3.4003203776384465,-4.8655640343556324e-05,-0.13891264874135917,-1.0988957395997722e-05,0.0
256.0,0.1258097475588222,1.7162672124469861e-06,3.4002059927412525,-8.191893504561766e-06,-0.13526124419880173,-1.1481728014702675e-05,0.0
257.0,0.12566915189649205,-1.5341778999985994e-06,3.4000932398824935,-5.074802678042869e-05,-0.13164270761119687,-1.0949356223184613e-05,0.0
258.0,0.1255179297296388,-5.697169375649838e-07,3.399976357107339,-6.0153128756317936e-05,-0.12778701917307456,-1.1155912460372363e-05,0.0
259.0,0.12537166664237698,2.4582432520802253e-06,3.39985605602179,3.816017198563599e-06,-0.1238380402542298,-1.2036164811692349e-05,0.0
260.0,0.12523511319872968,-2.3732305060319742e-07,3.399726596407392,-8.670384382256235e-06,-0.1200048274037177,-1.1687484364559225e-05,0.0
261.0,0.12509652950203662,-2.7176470693416893e-06,3.3996080467300156,-7.620553463936711e-05,-0.11624391212679608,-1.1065342242523267e-05,0.0
262.0,0.12494855539255773,1.4200587211601708e-06,3.399498011844406,-3.271496250222995e-05,-0.11234553499096492,-1.1962248371710214e-05,0.0
263.0,0.12479185043178201,3.0087546856108168e-06,3.399379921420517,3.971312005705636e-05,-0.10808496345707516,-1.2641758746398306e-05,0.0
264.0,0.12463889823947209,-1.7960055145543781e-06,3.3992819764186226,-1.3036055225465697e-05,-0.10363216328351965,-1.1702504109315451e-05,0.0
265.0,0.12450780793676275,-2.366225022256589e-06,3.39916576618097,-6.789405596873457e-05,-0.09947636885381239,-1.1338400898306284e-05,0.0
266.0,0.12439242775927567,2.509906100478772e-06,3.3990092804467382,1.575013980843431e-06,-0.09589686002245126,-1.2396723874556157e-05,0.0
267.0,0.1242631155898786,1.6663384975669653e-06,3.3989312227982618,3.7099921720613074e-05,-0.09266045874913326,-1.2555222696825149e-05,0.0
268.0,0.12408152436426212,-2.4659998786240612e-06,3.3988019850200364,-2.9050967498114906e-05,-0.08835354553459775,-1.1693488527071564e-05,0.0
269.0,0.12388424692981385,-7.224903319206702e-07,3.398697395540056,-4.070652027183087e-05,-0.08277757857509833,-1.1973299778505171e-05,0.0
270.0,0.12373398199592721,2.355664469838125e-06,3.3986031681628406,2.0198751366739286e-05,-0.07714522716870495,-1.281499430663012e-05,0.0
271.0,0.12360735673947197,3.0122323713679337e-07,3.398485218078913,2.175673890295072e-05,-0.07193382121942726,-1.2489958041798227e-05,0.0
272.0,0.12348068257315097,-1.6954034709126788e-06,3.398370177418154,-2.139066885895455e-05,-0.06709233142547213,-1.1900974709301203e-05,0.0
273.0,0.12334978417140796,6.151112843595764e-07,3.398247283124525,-1.5138941807053056e-06,-0.06251361547819842,-1.2329350161744845e-05,0.0
274.0,0.123228890649743,1.6697845833405824e-06,3.3981198604890475,3.864019356517408e-05,-0.05844267227632496,-1.2679871378218239e-05,0.0
275.0,0.1230464793685783,-1.0709661264342536e-06,3.398039622544351,7.164497567164807e-06,-0.054979337067593934,-1.2101063404646904e-05,0.0
276.0,0.1228531255998269,-1.9514040435355086e-06,3.397946537318961,-3.9503499848344875e-05,-0.051820699523952234,-1.169555587134363e-05,0.0
277.0,0.12265749693489941,7.017248145404709e-07,3.397860250000458,-1.7063386664521235e-05,-0.04894004411371751,-1.2124179077433711e-05,0.0
278.0,0.12246433511496985,1.2672568506860748e-06,3.397749176349751,1.2997042025280587e-05,-0.04637221187560852,-1.2391888216532124e-05,0.0
279.0,0.12227083232478982,-7.927103830247855e-07,3.3976490542022844,-9.930436838981246e-06,-0.0441125125640543,-1.2131298092263702e-05,0.0
280.0,0.12207545028467491,6.082714577364885e-08,3.397550249087237,-5.692562903990982e-06,-0.04211188366095048,-1.2219357906795534e-05,0.0
281.0,0.12188327502682039,1.226942592227112e-06,3.397475447284459,2.4925228533482685e-05,-0.04047007390197439,-1.2428206339790022e-05,0.0
282.0,0.12168366518687242,-8.873851494513149e-07,3.3974066929211384,-9.904325503321455e-07,-0.03898710783142897,-1.2189382570222453e-05,0.0
283.0,0.12147132995687647,-1.5792399125793682e-06,3.3973152280556596,-3.8563734621527004e-05,-0.03733900279385264,-1.2016525417195186e-05,0.0
284.0,0.12126258630024722,7.78053154694138e-07,3.3972156268781317,-1.4783662773146592e-05,-0.03564574869916857,-1.2257903460844131e-05,0.0
285.0,0.12106560683347534,2.2596306564501836e-07,3.39711894765267,-1.1382485335529302e-05,-0.03419700267725902,-1.2276692502476347e-05,0.0
286.0,0.12086577357151167,-1.6745802772505462e-06,3.397046078406298,-5.381732212649546e-05,-0.03290694262037544,-1.2100342746875502e-05,0.0
287.0,0.12066109204879995,-4.1587062823407515e-07,3.3969703048665014,-5.942996910736089e-05,-0.03166041830173934,-1.2193565514518038e-05,0.0
288.0,0.12046198415705106,-5.8394347802017985e-08,3.3968945313948566,-5.9808610272572196e-05,-0.030607045153925934,-1.2269530993845889e-05,0.0
289.0,0.12026105857775515,-1.8329603105688564e-06,3.3968177004975595,-0.00010540337055919462,-0.0296820988182674,-1.2167981382241201e-05,0.0
290.0,0.12005001409535525,-8.039880656113433e-07,3.3967330485689042,-0.00011962024563451358,-0.02862834640510108,-1.2286331897670928e-05,0.0
291.0,0.1198387938739315,8.784029024947813e-07,3.396653083730954,-9.416358330298712e-05,-0.027470125970365775,-1.253763111560958e-05,0.0
292.0,0.11963443395491115,-1.3529769458427331e-06,3.396567430059595,-0.0001294416228079115,-0.02637694666204225,-1.253045152172413e-05,0.0
293.0,0.1194331236353003,-2.543492509005804e-06,3.396482832784062,-0.00018835802357388166,-0.02541160954391711,-1.2521980403509213e-05,0.0
294.0,0.11923253488195162,-2.1590004394585934e-07,3.3964074014752024,-0.00018530962021246028,-0.024592442821443593,-1.2743968644544977e-05,0.0
295.0,0.11902719386310959,-6.445549124335331e-07,3.396337693873286,-0.00019896073381685692,-0.023795008691679286,-1.2889794538096467e-05,0.0
296.0,0.11880931578330209,-2.4008149571990065e-06,3.3962631127142076,-0.0002549795574001869,-0.022709355018770222,-1.3031947872288334e-05,0.0
297.0,0.11859101533256441,2.472724227600011e-07,3.3961941995995404,-0.00023906999806402345,-0.02135918252550987,-1.3515252352470565e-05,0.0
298.0,0.11838894110872471,2.1331663633467793e-06,3.3961237860972533,-0.00018259330645377635,-0.02015657374382655,-1.3970317148188923e-05,0.0
299.0,0.11819383371847236,-2.348784065455403e-06,3.3960465635924995,-0.00024418031033451247,-0.01923869090676309,-1.3969922215737726e-05,0.0
300.0,0.11692776855350712,-5.391421226368956e-06,3.394796919958142,-0.00037246087796075853,-0.018635601665886417,-1.3838766447657555e-05,0.0
301.0,0.11564324756681194,-2.417370416589836e-06,3.3935018017460044,-0.00041856560752709653,-0.017955474537959173,-1.40847811788364e-05,0.0
302.0,0.11436129647033437,2.233069914365591e-06,3.392198154857718,-0.0003537584159116323,-0.017277615260280522,-1.4585493780912114e-05,0.0
303.0,0.1130822685035398,3.923929739494536e-06,3.3908828186968685,-0.0002556864325845337,-0.01665991076651854,-1.5023968437771203e-05,0.0
304.0,0.11180126219326711,3.487199854419186e-06,3.389570733332965,-0.00017193187356815732,-0.016045749113455268,-1.532210302096244e-05,0.0
305.0,0.1105171921883733,3.6751881365646014e-06,3.3882489739156423,-8.305009050705128e-05,-0.015357845349319653,-1.5561014861972515e-05,0.0
306.0,0.10923421497959107,4.223584557598253e-06,3.386924636553678,1.8025743484920836e-05,-0.014628963364431995,-1.573402751730914e-05,0.0
307.0,0.10795513765373964,2.667282893562218e-06,3.3855998625131196,7.737568369822744e-05,-0.013953473077150766,-1.5737665994733526e-05,0.0
308.0,0.10667757372696413,-1.7874327818838251e-06,3.3842703445059232,2.622596958352002e-05,-0.013360106055027085,-1.5521792499220906e-05,0.0
309.0,0.10539875961387843,-6.902402274711641e-06,3.382948610773511,-0.00014554505545093986,-0.012815593900668694,-1.5198524091236717e-05,0.0
310.0,0.10411770181813465,-9.942735514718447e-06,3.3816258403973825,-0.0003841993749008109,-0.012264387738416122,-1.4951726309326294e-05,0.0
311.0,0.1028361217277126,-1.0583386119619585e-05,3.3803037433571124,-0.0006322764291238109,-0.011697749144531115,-1.4913965756583929e-05,0.0
312.0,0.10155607739102784,-1.0302961238452688e-05,3.378986734251691,-0.0008712400382124735,-0.011155218206252282,-1.5062434351107355e-05,0.0
313.0,0.10027665792009488,-1.0997851283958608e-05,3.3776658426219854,-0.0011267404859274543,-0.010647873700189325,-1.5332738859834174e-05,0.0
314.0,0.09899685016869855,-1.2296571796834432e-05,3.3763519404947075,-0.0014125777740459857,-0.010166254132402987,-1.5714112330895703e-05,0.0
315.0,0.09771612056436464,-1.3113940326305388e-05,3.375040224645394,-0.0017162896652669353,-0.009687418607028295,-1.6251674929419035e-05,0.0
316.0,0.09643518623444323,-1.2692515415761738e-05,3.3737323020133143,-0.002007859543372847,-0.009208467553125845,-1.6987399670086867e-05,0.0
317.0,0.09515551858084907,-1.0962995041271224e-05,3.372430403651284,-0.0022574378631067533,-0.008761812518733295,-1.784684025175079e-05,0.0
318.0,0.09387719565995709,-8.784075174003222e-06,3.371128434086165,-0.0024563698647451855,-0.008378111745842307,-1.87010294795758e-05,0.0
319.0,0.09259907912204976,-7.049468215559425e-06,3.369824562745261,-0.002622394193131554,-0.008050112583308925,-1.9078957843613232e-05,0.0
320.0,0.09131919667838094,-7.066415299534416e-06,3.3685202782691417,-0.0028234681657055274,-0.007689248433301542,-1.9723787280581046e-05,0.0
321.0,0.0900393859217474,-6.469517648640422e-06,3.3671990193087318,-0.0030122452046820883,-0.007347268699790499,-1.9822565178962076e-05,0.0
322.0,0.08876232128089219,-4.538019624088426e-06,3.3658722010490636,-0.0031517134254840785,-0.007100011485887004,-2.0375796971386225e-05,0.0
323.0,0.08748196620167752,-5.015448411991924e-06,3.364536828078619,-0.003309257347817547,-0.006847766319030738,-2.1065903546021974e-05,0.0
324.0,0.08619890130205415,-6.7560403624717074e-06,3.363190417755559,-0.003502950422868057,-0.006539121440747747,-2.2150026015301448e-05,0.0
325.0,0.0815926939228633,-5.714345536626686e-06,3.3616430298219675,-0.0036603079342952664,-0.00704090217579226,-1.9971730005440878e-05,0.0
326.0,0.07694956963600302,-4.4348390945668785e-06,3.3600865195289007,-0.0037764465377082574,-0.0076516374952242065,-1.6967803106995957e-05,0.0
327.0,0.07230742771866784,-7.601044000943273e-07,3.358584836525903,-0.003819739657310754,-0.008394495533529712,-1.299406728472886e-05,0.0
328.0,0.06764415199232916,-1.3691446421053823e-05,3.35689259747862,-0.004147470465869882,-0.008733584313997619,-1.414434648504206e-05,0.0
329.0,0.06299125421399852,-1.3538136084632642e-05,3.3552352506476377,-0.004446793537412306,-0.008925659130515103,-1.446595630510258e-05,0.0
330.0,0.058345497701282445,-2.0667400777241405e-05,3.3536402242222976,-0.004915322171172338,-0.009129217791439492,-1.6275785029149077e-05,0.0
331.0,0.05368651864353524,-3.5944359101925706e-05,3.3520168784387625,-0.005751108755632257,-0.009041374348788064,-1.8165739801533588e-05,0.0
332.0,0.04902603675924366,-4.395739594523292e-05,3.3504336230277905,-0.006740101801245569,-0.008604100361564228,-2.201152895108159e-05,0.0
333.0,0.044341877489699956,-2.4653378286785088e-05,3.348872473463592,-0.007224841758918108,-0.007238168159834341,-3.371232175576984e-05,0.0
334.0,0.03969531313425861,-1.700558713690885e-05,3.347336372746287,-0.007559251718056826,-0.005964731370437711,-4.436810650118704e-05,0.0
335.0,0.035077797210783135,-2.4064948992756785e-05,3.345847073557261,-0.0081114811974394,-0.005416555705037514,-5.913466099893336e-05,0.0
336.0,0.030447815669197444,-3.68370652670238e-05,3.3443436426459585,-0.009119904895154816,-0.00532579980124342,-6.921237466871677e-05,0.0
337.0,0.02583453584384149,-5.5977660015189735e-05,3.3427582055499685,-0.010604415805718394,-0.006105556059322442,-6.0679906892327375e-05,0.0
338.0,0.021232554235715087,-6.973833032757764e-05,3.3411545790685753,-0.012347584756917121,-0.008090864111066088,-3.34229550712981e-05,0.0
339.0,0.01664259790910675,-6.923295463227249e-05,3.339561998394385,-0.013994531430411369,-0.011433656012048958,2.1725683654370456e-05,0.0
340.0,0.012051730363627026,-5.796235426700253e-05,3.3379844142169053,-0.015286071422466376,-0.015998008145272496,0.0001039677774424617,0.0
341.0,0.0074451793565343235,-4.364292883439914e-05,3.336446245986092,-0.016221762502977313,-0.021444974639786257,0.00020795854922522078,0.0
342.0,0.0028062391150630787,-3.4667514253732194e-05,3.33493165673166,-0.016967781291853022,-0.026992096540346094,0.0003160932678485294,0.0
343.0,-0.001842546321979303,-3.709456114414198e-05,3.333376910604239,-0.017783364041470292,-0.032380650519147146,0.0004206270970453312,0.0
344.0,-0.006490662113368787,-5.058396052821354e-05,3.3318058375026065,-0.018919276073484908,-0.037608711595535554,0.0005199363095479276,0.0
345.0,-0.011173913534635684,-5.63415871271155e-05,3.330299558660714,-0.020224689769735245,-0.041999925377962405,0.0006034214382331354,0.0
346.0,-0.015856697035014626,-5.438482310724082e-05,3.328785721290832,-0.02151191655450884,-0.045611665843605216,0.0006750914564107265,0.0
347.0,-0.020520910266693233,-5.1438170159222214e-05,3.327243013392292,-0.02272582955312496,-0.04881969281867977,0.0007432544224705233,0.0
348.0,-0.025174256637550532,-4.695296478310799e-05,3.3256828646198904,-0.023820342127418057,-0.05182628584602348,0.000812394549278319,0.0
349.0,-0.029820346156361956,-4.414851806294558e-05,3.3241086781139435,-0.024815811196597065,-0.05477344197504616,0.0008852342479787977,0.0
350.0,-0.033611641201599256,-3.7289418048352976e-05,3.3215060539980925,-0.02566361275529197,-0.05720441424105445,0.0009464857772610774,0.0
351.0,-0.03738902230345525,-3.587591246923531e-05,3.318876796385124,-0.026487741765319935,-0.05937879832869531,0.0010006087397467,0.0
352.0,-0.041165042938203576,-3.783208989707924e-05,3.3162493719989756,-0.027368867491934942,-0.061330155700186746,0.0010477937518857847,0.0
353.0,-0.04494514824138086,-3.84841624165878e-05,3.3136317141100045,-0.028277257809281788,-0.06298456338227557,0.0010872769581380171,0.0
354.0,-0.04872492828610412,-3.6847110612459216e-05,3.3110131293393787,-0.029149388859024204,-0.06434537235330448,0.0011202597891107533,0.0
355.0,-0.05250336422894584,-3.257657466022941e-05,3.3083929968204853,-0.029914212749260125,-0.06543440377090318,0.0011480755976602554,0.0
356.0,-0.05627886998181489,-2.763292458600763e-05,3.3057652033331215,-0.030542383072382093,-0.0662924266257335,0.0011729517546049588,0.0
357.0,-0.0600480518308926,-2.4380430683088094e-05,3.303122644870251,-0.03106947681305712,-0.06705495717756987,0.0011953089358535788,0.0
358.0,-0.06381233038125499,-2.2932571647745714e-05,3.3004663631816156,-0.03151729095350745,-0.06780545874173907,0.001218479002994792,0.0
359.0,-0.06757717459341298,-2.013116212252608e-05,3.297817400253953,-0.031882337204504105,-0.06857517934517832,0.0012431213992208504,0.0
360.0,-0.07134679054233896,-1.5768826152462205e-05,3.2951812731621897,-0.03213861707035269,-0.06927130269801521,0.0012658981547879504,0.0
361.0,-0.07511885424202307,-1.1940163532638458e-05,3.2925491703770335,-0.032305136126970835,-0.06984594583829012,0.0012849032287429799,0.0
362.0,-0.0788889273697125,-1.0876039256560897e-05,3.2899078751931023,-0.032442078801393284,-0.07033498182224597,0.0013010815880210118,0.0
363.0,-0.08265562335461778,-1.258874372813442e-05,3.2872518070619274,-0.03260273596074963,-0.07079138907779065,0.0013160706510022169,0.0
364.0,-0.08642206604027794,-1.2972183278765439e-05,3.2846083159858956,-0.032760830865651284,-0.07124304196980903,0.0013309381379976975,0.0
365.0,-0.09018986756133456,-9.832739506754327e-06,3.281978824462641,-0.03284160461427799,-0.07168067804561327,0.0013455425923222441,0.0
366.0,-0.09395701416618728,-3.4755640537918383e-06,3.2793490565765477,-0.03276854074469375,-0.07212209399030459,0.001360503133915476,0.0
367.0,-0.09772304843010787,5.192905425273084e-06,3.2767172416185413,-0.03248720263353733,-0.07258878760577583,0.0013764242055911541,0.0
368.0,-0.10149326517885178,1.9605383400918475e-05,3.2741084370778895,-0.03187312412115755,-0.07301839416390575,0.001391124530938578,0.0
369.0,-0.10526869314932971,1.7428607210926624e-05,3.271525360111157,-0.03136790752539417,-0.07335228577232662,0.0014008893798864996,0.0
370.0,-0.1090393042321287,1.2629785061218318e-05,3.268908580690483,-0.030990897198256952,-0.07362173768099947,0.0014090740597287107,0.0
371.0,-0.11280935566631597,9.890885890362365e-06,3.266289158268451,-0.03068411398907459,-0.07383955817181166,0.001416180328464197,0.0
372.0,-0.11657916984786566,7.480239185933345e-06,3.263672032832512,-0.030445822634780705,-0.07402227548661187,0.0014198695389873576,0.0
373.0,-0.12034723087110061,6.734196325642806e-06,3.2610414536641805,-0.030223031341135537,-0.07417793291282385,0.001421145979025469,0.0
374.0,-0.12411638843081592,6.638035264623694e-06,3.2584130846583346,-0.030001953608963548,-0.07429013757189264,0.001419554928913583,0.0
375.0,-0.12563458691854756,5.874410859401329e-06,3.255226594797553,-0.029815600241541684,-0.07387234933039503,0.0013956702479384507,0.0
376.0,-0.12712683941178302,4.83815255748898e-06,3.2519999153940566,-0.029636949524570074,-0.07333229680412033,0.001367594354290481,0.0
377.0,-0.12861700219069228,8.195571901561243e-06,3.24875524565948,-0.02936768619764968,-0.0726858548025556,0.0013400485453756094,0.0
378.0,-0.13010159729985238,1.0930583869125359e-05,3.2455090535872664,-0.029023308562301908,-0.07207139532116685,0.001311905282580112,0.0
379.0,-0.13158650564070434,1.3179828988386324e-05,3.2422665578421395,-0.02861994139337515,-0.07147838066097603,0.0012849714722931917,0.0
380.0,-0.13307350020756079,1.4682715903363695e-05,3.2390221244764756,-0.02817324977594291,-0.07085663884959532,0.0012574383304315025,0.0
381.0,-0.13456314862815244,1.5843294970799597e-05,3.235786027457697,-0.027699278749576697,-0.070164928679969,0.001227219686469751,0.0
382.0,-0.13605191882930348,1.586730557855067e-05,3.232547189784671,-0.027226252641729537,-0.06942825198796655,0.001198046623362564,0.0
383.0,-0.1375422740666797,1.4663003348968624e-05,3.2293149653844786,-0.02678010402206774,-0.06859477436156376,0.0011665287151008642,0.0
384.0,-0.13903313045109666,1.0702822586167474e-05,3.2260852679611425,-0.026444159428439116,-0.06770379788077831,0.0011314582268109998,0.0
385.0,-0.14052123183039802,6.457200319532106e-06,3.2228605866083453,-0.026221812055988305,-0.06680706506457178,0.0010978752823892414,1.0
386.0,-0.14200925545801565,3.597052682449412e-06,3.2196318627554037,-0.026069282388650385,-0.06590756147948659,0.0010673638207473546,0.0
387.0,-0.14349693410505657,1.501056973881564e-06,3.216404236232408,-0.025971850051339597,-0.06501556979782995,0.001039403822685845,1.0
388.0,-0.14498704480784394,-3.993019779863698e-07,3.213137470816665,-0.025903837445232756,-0.06402609300787664,0.0010133385103891833,1.0
389.0,-0.14647954843013095,-3.7226105081451795e-06,3.2099071414720326,-0.025917452930747834,-0.06292562067406315,0.000984739961674509,1.0
390.0,-0.14796379026914405,-4.898843062827886e-06,3.206697214964222,-0.025966908973435527,-0.06194873119002183,0.0009580606500815187,1.0
391.0,-0.14945112380313377,-4.901981540208839e-06,3.2034239325331386,-0.02598998103157346,-0.06094770184869827,0.0009309228118942105,1.0
392.0,-0.1509494997968846,-7.3548627693184145e-06,3.2001430259698096,-0.02604408890495328,-0.05963363657704524,0.0008963994397772966,1.0
393.0,-0.15244075039690916,-6.672880128447309e-06,3.1969032637219565,-0.026072657647246547,-0.058248634012453726,0.000860719421808612,1.0
394.0,-0.15392705052209144,-4.18452777131052e-06,3.193682266244543,-0.0260466466642438,-0.05692589590313504,0.0008266461339146743,1.0
395.0,-0.15540859410924707,-6.564353613318973e-07,3.190472068107987,-0.025941998864351664,-0.0557842890714733,0.0007972485328177051,1.0
396.0,-0.15688829971787444,4.015276121359171e-06,3.1872630407231077,-0.025742294079801244,-0.05486830216424039,0.0007735371038609702,1.0
397.0,-0.15836752758585398,7.709400403559564e-06,3.1840547485794675,-0.02546621791843681,-0.054185705991913774,0.0007551419094342275,1.0
398.0,-0.1598473038994712,1.1811148095499422e-05,3.1808473349928117,-0.025065809826735133,-0.053712258342941875,0.000739335156058133,1.0
399.0,-0.16132893288614894,1.68552029065248e-05,3.1776245781377095,-0.024548633135821923,-0.05338798859558066,0.0007268795919466891,1.0
400.0,-0.1629849106034081,9.741018484736369e-06,3.1709151294171214,-0.024234020210806707,-0.05355303008597347,0.0007260184724691695,1.0
401.0,-0.1646499968821336,5.1201938765509305e-06,3.164030030222785,-0.02407662184593977,-0.05377518159467539,0.0007359248143177646,1.0
402.0,-0.1663199511497824,3.2364440628243376e-06,3.1570642682944867,-0.023918872945355704,-0.05389301209483542,0.0007474338406285119,1.0
403.0,-0.1679851887019732,7.470689871392811e-06,3.1500862485861183,-0.02364451156085035,-0.05401507119164371,0.0007620046773990024,1.0
404.0,-0.16965143851110753,1.0434893423367242e-05,3.1431165611022305,-0.023300356876438257,-0.05409288621419923,0.0007789090575580226,1.0
405.0,-0.17132159328818447,6.692257489982263e-06,3.1361843206865907,-0.023005427602487787,-0.05408301622736606,0.0007940151138155188,1.0
406.0,-0.17298762035723292,1.1742401867265761e-05,3.12922944495596,-0.022540031923170445,-0.0540723070244572,0.0008138108449979985,1.0
407.0,-0.17464792493279083,2.2576516371837676e-05,3.1222766992514153,-0.02186223120505462,-0.05420491526398691,0.0008377773837575499,1.0
408.0,-0.17630876802285358,2.3278900700420846e-05,3.1153298906780122,-0.02120784076920656,-0.05446440918856837,0.0008642024836410273,1.0
409.0,-0.17797508961615238,1.658123199688952e-05,3.1083963001911314,-0.020682659743241096,-0.05472958663008635,0.0008918527153796637,1.0
410.0,-0.17964023346766997,2.0448862836474393e-05,3.101467511867555,-0.020087246478944186,-0.05507201483639594,0.0009266322857957037,1.0
411.0,-0.1813023759783346,1.943155236110122e-05,3.0945281127740256,-0.01954489825703795,-0.05549710050374325,0.0009600865248792047,1.0
412.0,-0.18296271523869018,1.186506552746561e-05,3.087586893838333,-0.019208412260006427,-0.0560436709760977,0.000992206275713551,1.0
413.0,-0.1846292393247437,8.456339591772066e-06,3.0806357215827678,-0.018951238261358735,-0.056541003225861766,0.0010273624244942997,1.0
414.0,-0.18629789066226407,9.802960200556548e-06,3.073691388101253,-0.01867573640930938,-0.05697243110592301,0.0010651175829011535,1.0
415.0,-0.18796201327615303,9.993874107113076e-06,3.0667454397846408,-0.01840369041944256,-0.05742522158649769,0.001096559818975802,1.0
416.0,-0.1896264454060394,8.096924207930044e-06,3.0598080776484133,-0.018182356107566897,-0.057918066762026994,0.0011204138216304174,1.0
417.0,-0.19128988969591815,5.336048292755228e-06,3.0528765720518685,-0.018033545474777406,-0.05847433446964724,0.0011381829002219937,1.0
418.0,-0.19295419325685353,2.578505326122772e-06,3.0459411676228596,-0.017959852820710474,-0.059067015080906074,0.001156367525124247,1.0
419.0,-0.19462089315332715,-1.9976555479846137e-06,3.039009473769032,-0.01801039266627405,-0.05964500703719564,0.0011721930730459683,1.0
420.0,-0.19628731659103346,-5.5666401194265986e-06,3.0320626898183347,-0.018139630154017806,-0.060181223143692286,0.0011894160716805712,1.0
421.0,-0.19795433074424135,-7.36542683016245e-06,3.0251188127653794,-0.0183154315926042,-0.060672279462781614,0.0012040386959664053,1.0
422.0,-0.1996214025511253,-9.661895848155458e-06,3.018175222636532,-0.01853897701485443,-0.06111718125331172,0.0012147853664091486,1.0
423.0,-0.20128750158986197,-1.2733914616296976e-05,3.011227026147974,-0.01883559998878627,-0.06153590724009212,0.001223707304116145,1.0
424.0,-0.20295436331007366,-1.6283478642067377e-05,3.004281587167333,-0.019214756066156878,-0.06191611379042753,0.0012306784931983593,1.0
425.0,-0.20392382206089224,-1.0444818346569495e-05,2.9952075928109707,-0.019526733073980066,-0.0620049664634729,0.0012362935228881643,1.0
426.0,-0.20487632072769252,-9.4954508536923e-06,2.9860582654795986,-0.01985807001437705,-0.06204173937659493,0.0012513897251219485,1.0
427.0,-0.20582431578162447,-9.561153209620999e-06,2.9768799210015184,-0.020198388629026953,-0.062042521682234286,0.0012574312979975733,1.0
428.0,-0.20677374179992233,-1.757933377095016e-05,2.9676941129481182,-0.020750447501984494,-0.0620146076032761,0.0012674328024894965,1.0
429.0,-0.20772564844552302,-2.535048539381648e-05,2.958521379129087,-0.02153229273082618,-0.06183554801772673,0.0012737612996332579,1.0
430.0,-0.20868315701675136,-3.1817465630066816e-05,2.9493389829654375,-0.022466716472432067,-0.06140784476837895,0.001274922356661293,1.0
431.0,-0.20963963978168224,-3.077218771780885e-05,2.940181127478204,-0.02340295412279536,-0.06079509670270049,0.0012778889976481115,1.0
432.0,-0.2105908816686519,-3.062891451740436e-05,2.9310062453703756,-0.024304292433403884,-0.06010295434013673,0.00128339518952317,1.0
433.0,-0.2115405157270737,-2.9694599015105934e-05,2.921837078125871,-0.02515760836840023,-0.05934877448368341,0.0012860952297874936,1.0
434.0,-0.21249208737567035,-2.6680719076388747e-05,2.9126721597960756,-0.02593050059294943,-0.05853012817787444,0.0012882448688277454,1.0
435.0,-0.21344268905582126,-2.4241691013715653e-05,2.9035072481501265,-0.026625391636237606,-0.05767580741025717,0.001291500280557659,1.0
436.0,-0.214388895339848,-1.964824376866406e-05,2.8943520412357735,-0.027215446723345353,-0.056883150509146156,0.0012996865043554513,1.0
437.0,-0.21534255179188616,-1.644574551393973e-05,2.885185600873785,-0.027658556951684826,-0.055939465873290024,0.0013063128684686054,1.0
438.0,-0.2162925386064443,-1.1872217991818396e-05,2.8760212197269213,-0.027979369271495094,-0.05498389682604558,0.0013102379030136666,1.0
439.0,-0.21724237265372656,-1.1860088365231585e-05,2.866852859723711,-0.028287483275892377,-0.05401623657345794,0.0013112611403458094,1.0
440.0,-0.2181909146973746,-1.2172477851858266e-05,2.8576905529155554,-0.02859804039757457,-0.053075911786120804,0.001314831480811726,1.0
441.0,-0.2191398168378512,-1.0334343665445082e-05,2.848526789426119,-0.028847501686798272,-0.05215217632397224,0.001321143239766835,1.0
442.0,-0.22008818689288312,-6.614683903780259e-06,2.8393572949211046,-0.028985636507450133,-0.05127238379779385,0.001328864775741768,1.0
443.0,-0.22103404423412945,-1.5806750076279689e-06,2.830189126739409,-0.028996813084564883,-0.05045868122668581,0.001339569782142471,1.0
444.0,-0.22198166826991647,1.4761641765803061e-07,2.8210242435204815,-0.028965022446081203,-0.049689237012661064,0.0013518717283779878,1.0
445.0,-0.22293050475719867,4.6968221464197844e-07,2.8118598016866603,-0.028927877462618757,-0.04891832612182005,0.0013698455372253774,1.0
446.0,-0.2238854862330015,-2.4227286351744358e-06,2.8026894682590253,-0.028957031502598093,-0.04801703606726824,0.0013853214772503461,1.0
447.0,-0.22483479292913897,-7.081019627852428e-06,2.793524214708645,-0.029084826848074213,-0.047136566892917744,0.0013889563813074348,1.0
448.0,-0.22578039783294387,-3.2780787503187806e-06,2.784364450299388,-0.02909568274785392,-0.046360581944269834,0.0013853854658137082,1.0
449.0,-0.2267286458807224,2.282385017540057e-06,2.7752011245165225,-0.028959523635725595,-0.04560422364995726,0.0013800501379983997,1.0
450.0,-0.2258405396790659,6.082536181726788e-06,2.7654846178318624,-0.028708290969999647,-0.04438559186340868,0.0013608414592266383,1.0
451.0,-0.22493162238930298,1.0928020292163106e-05,2.7557531339015493,-0.0283076028707027,-0.043106292099792824,0.0013373147078896556,1.0
452.0,-0.22401800892100035,1.5082646201265985e-05,2.7460266171297425,-0.027783740629975046,-0.041883305652847654,0.0013166469419800112,1.0
453.0,-0.2231045841506776,1.8045498721649418e-05,2.736299101624875,-0.02717162350389931,-0.040715371191278486,0.0012997652426912215,1.0
454.0,-0.22219048674497052,1.953354676297263e-05,2.7265682137970852,-0.02651850415980383,-0.039630749465736206,0.0012867278526559848,1.0
455.0,-0.22127625459247002,1.9556099791568184e-05,2.716838617829457,-0.0258631816653401,-0.03863325032750186,0.001279387740412616,1.0
456.0,-0.220249631311535,0.0007254495939978772,2.7079792752240626,-0.040654294383902556,-0.029164852398026495,-0.0024256844712819852,1.0
457.0,-0.21946515268535455,0.00026633538055950527,2.697795465264129,-0.04527500729854731,-0.027632990334191015,-0.00425242640391557,1.0
458.0,-0.21887076618772613,8.105242958884152e-05,2.687743264012983,-0.04556553613959558,-0.02578726234681515,-0.008352077053190835,1.0
459.0,-0.21790338723482564,7.3128624329922025e-06,2.677874337586923,-0.04401775701869577,-0.022721674139782835,-0.012572320121318778,1.0
460.0,-0.2167335427037058,2.2969299236368296e-05,2.6681625098934516,-0.04325349940429921,-0.021635730018473152,-0.012601118521490266,1.0
461.0,-0.21579275124283243,2.0573889481397843e-05,2.6584334764618864,-0.04253810071193815,-0.021213172352569445,-0.012607166104690393,1.0
462.0,-0.21486819158566944,2.019279398619827e-05,2.6487005532058734,-0.04179239175117204,-0.021157850497145213,-0.012597379938360877,1.0
463.0,-0.2139469644985073,2.0123753142719366e-05,2.638969307469429,-0.04100031239352132,-0.021404089679704662,-0.012569457981060385,1.0
464.0,-0.21302476441290666,1.726145607554838e-05,2.629237288894429,-0.04033985031118887,-0.022025301771512122,-0.01252961597787979,1.0
465.0,-0.21210390443777868,1.299890213207389e-05,2.6195115081123586,-0.039746140823350554,-0.022919764890031374,-0.012469050234995617,1.0
466.0,-0.2111827977726681,1.432369614029155e-05,2.6097841571383307,-0.0391003116291188,-0.024123265842770983,-0.01238633808004582,1.0
467.0,-0.21020555861439183,-1.7338503012303436e-05,2.5999691484692438,-0.03618479210721729,-0.02314032794516769,-0.012040043459301864,1.0
468.0,-0.20933857716957935,2.267297565843661e-05,2.5903184972119058,-0.0354591307271791,-0.025070774243123997,-0.011941135376605736,1.0
469.0,-0.2084086472073998,1.5163961540293988e-05,2.5805972429337323,-0.03498504838020216,-0.0274531160918109,-0.01183443027991265,1.0
470.0,-0.20748678777078372,1.283481871918514e-05,2.570874445961488,-0.03456732043183487,-0.030097564618277454,-0.011723688882290252,1.0
471.0,-0.20656751547532642,1.257062740806571e-05,2.5611545517175744,-0.034171017298675124,-0.03295262652711676,-0.01160749338451873,1.0
472.0,-0.2056476835725271,1.2173714073788772e-05,2.551434804380166,-0.033804136410410045,-0.036022569075035475,-0.011486737845366924,1.0
473.0,-0.2047225659546971,1.1823851984404002e-05,2.541717525993847,-0.03345960140799563,-0.039451665423975615,-0.011362047295830645,1.0
474.0,-0.20379543671830347,1.101159970610675e-05,2.5319992027991085,-0.03315115572914169,-0.04325385721449235,-0.011233470377190545,1.0
475.0,-0.20073028823406008,8.605817899608636e-06,2.522340713389882,-0.032932554950998526,-0.046204190829060694,-0.011119232616167507,1.0
476.0,-0.19768216069058675,6.221503980649283e-06,2.5127193014517073,-0.03266526557086791,-0.05000239624976008,-0.010920044044625618,1.0
477.0,-0.1945732596621707,5.964034306238566e-06,2.5030624375919155,-0.03228789189976924,-0.05474864033681329,-0.010712170551551617,1.0
478.0,-0.1914605907742177,1.4075762598420437e-05,2.4934170541684475,-0.03164594915586034,-0.06081508242116337,-0.010445237790715604,1.0
479.0,-0.1883692596691082,3.329530321792802e-05,2.483795254307767,-0.03052684937137729,-0.0687707109538618,-0.01002831187199119,1.0
480.0,-0.185307977162633,5.68826250291632e-05,2.474198483043376,-0.02888990833718287,-0.0789820725650752,-0.009410890231711948,1.0
481.0,-0.1822121867044063,6.65958794525189e-05,2.4646123496376187,-0.02722193665576173,-0.09117475248172538,-0.008659723619460482,1.0
482.0,-0.1791937988744895,3.649200137910753e-05,2.454734470616294,-0.02567299917499887,-0.09475785230421845,-0.008928745832765301,1.0
483.0,-0.17585332955396316,3.634937562012378e-05,2.445267424401298,-0.024635284562341014,-0.10556793807982924,-0.008641614698946639,1.0
484.0,-0.17279581424440524,2.8496469668506377e-05,2.435583218720127,-0.023844706276357697,-0.11840029989062494,-0.00819115004641211,1.0
485.0,-0.16965317168808508,3.877479445072852e-05,2.4260643960142656,-0.022935467394301766,-0.1323199755883329,-0.007772758446374376,1.0
486.0,-0.16652580735805525,3.391473324956416e-05,2.4165575639705157,-0.022292946179576025,-0.14821190360182634,-0.007315062071713802,1.0
487.0,-0.16328981575879503,-8.57327375843023e-06,2.405830399123474,-0.02304000098848245,-0.14349883086063242,-0.007389360104936175,1.0
488.0,-0.1603221465578355,2.0990652035997647e-05,2.3967130952488915,-0.023591803330195654,-0.14643720795004112,-0.007023821467232611,1.0
489.0,-0.1570401879409939,4.0588746288422856e-05,2.3885882310019917,-0.023270236152866233,-0.1726275775722362,-0.0064550926481105044,1.0
490.0,-0.1544596443578585,2.3358192877194284e-05,2.3782945249615497,-0.023256891663671387,-0.18990540273584755,-0.006086900141576351,1.0
491.0,-0.15138611725366652,1.2430380975948986e-05,2.368512646262857,-0.02423652406189535,-0.20639842103079792,-0.00568821609598818,1.0
492.0,-0.1479053241452974,-2.3837527040179757e-05,2.3588714628458143,-0.02509230362139483,-0.22471351817412544,-0.005387625655241925,1.0
493.0,-0.14481144566303186,-4.5864323359266094e-05,2.3489677049328446,-0.026866131384961106,-0.2410947571482282,-0.005639191557082864,1.0
494.0,-0.1419602782542177,-0.0001335116706552378,2.3389202335265296,-0.030851566461041882,-0.2532483195203679,-0.0058399703434836555,1.0
495.0,-0.13887039893265846,-4.990596447547403e-05,2.329263133692293,-0.03254174990030186,-0.2664668799082661,-0.005457223509277993,1.0
496.0,-0.13558451066597768,7.120878051711679e-05,2.3199191751602433,-0.03164365275700205,-0.28624918509029196,-0.005252861517035163,1.0
497.0,-0.13223933845221741,-4.9290366137508256e-05,2.310376083996309,-0.034477109728376906,-0.30666125899307933,-0.00488617387825531,1.0
498.0,-0.1292452980477782,-0.00010017685697787206,2.3005466273504735,-0.03793843859466098,-0.325152916753285,-0.004257155054432555,1.0
499.0,-0.12642349278872947,3.3942516615398282e-06,2.2905934860007675,-0.038273123098889826,-0.34232589762642524,-0.004408019034871968,1.0
500.0,-0.12227533359700388,-1.0286931800273423e-05,2.2811743500220483,-0.0393695247229868,-0.3585869719460119,-0.004548752638044926,1.0
501.0,-0.11793651623885196,-3.690698014856599e-05,2.271937428020369,-0.04201683494409812,-0.37650258137932796,-0.0036759041000227377,1.0
502.0,-0.1135939699850985,6.114121000517557e-05,2.2625452122628955,-0.041407118860823516,-0.394259450387886,-0.0026317475497948683,1.0
503.0,-0.1097936993720332,8.824682956391353e-05,2.252390838079608,-0.037973780798719346,-0.40668365339608176,-0.00369764330782992,1.0
504.0,-0.10544378473254577,6.624174089824602e-06,2.243430569214152,-0.04041389335655944,-0.42964840001135607,-0.0033678112076207033,1.0
505.0,-0.10110906592783182,-0.0001440771560668669,2.2345576955806266,-0.04598023086494122,-0.45311510797906657,-0.0019340191927420837,1.0
506.0,-0.09700568948120535,-5.194602745577928e-05,2.2246147519625854,-0.046077062642990406,-0.4732309605144652,-0.0017115564174258636,1.0
507.0,-0.09315877332936666,5.370606565691634e-05,2.214784821861792,-0.04746061977252122,-0.49726168085074385,-0.0021448184237407093,1.0
508.0,-0.08912639042960686,-0.00021875313274149732,2.205653237905112,-0.056174654554407795,-0.5192926432102859,-0.0007740932950260589,1.0
509.0,-0.08468325426302524,-2.380973064428728e-05,2.196886735433453,-0.061068253430369805,-0.5437035381693982,0.001950962175752477,1.0
510.0,-0.08075911824328572,-0.00011227488059069489,2.186559408951362,-0.06056281788346715,-0.5674856578831043,-0.00015302733540641854,1.0
511.0,-0.07610596313242056,-0.00016337984167392097,2.1779452043517438,-0.06946976911304632,-0.5971594356487038,0.0024128663585202535,1.0
512.0,-0.07272904453772668,-0.0003080449110482752,2.167888839013845,-0.08039153702670115,-0.6174766039818478,0.003442694653049514,1.0
513.0,-0.06855329008180948,4.143176803162993e-05,2.1583761069348024,-0.08405794211446814,-0.6404093436999484,0.005406176929948344,1.0
514.0,-0.06421758385454669,-1.2685748162736934e-05,2.1491351109608368,-0.0886079355466951,-0.6583176734090269,0.00733293444420294,1.0
515.0,-0.059998807917206645,-8.723851247519292e-05,2.1396684070236636,-0.09656245443164518,-0.6873572360795326,0.011734659903890379,1.0
516.0,-0.05597775106720198,9.073361817945926e-05,2.130147998895148,-0.09435116775528679,-0.7315237422292474,0.01676934475714186,1.0
517.0,-0.0518818119100974,-9.098771902729159e-05,2.120449868608518,-0.09346532059232751,-0.7806608533124314,0.020430161778939183,1.0
518.0,-0.047549485409567646,0.00037023160579059873,2.111416509663936,-0.08932392793468857,-0.8218903782603331,0.025832682124586392,1.0
519.0,-0.043680759799666964,0.0003511531993186485,2.1022360794818913,-0.09613309748580696,-0.8929975102187385,0.03775235265525496,1.0
520.0,-0.03828419264427614,-0.00039436176391962095,2.092991471603795,-0.128849520637694,-0.9523912393749023,0.062065408852358755,1.0
521.0,-0.03487059392367973,-0.0002105633664432179,2.0836951023503203,-0.15650938059886282,-1.0022022878596075,0.08343651650611182,1.0
522.0,-0.031068904456882616,-0.0002582953904865993,2.0746556851978473,-0.19604929391751322,-1.0235724709203833,0.10662699182858643,1.0
523.0,-0.02752178520810835,0.0002192867494445022,2.0646413420987644,-0.23141202580100556,-1.0084104230201059,0.1196761930619194,1.0
524.0,-0.02326829055805065,0.0008317851465090851,2.0548924561490614,-0.2428512670701518,-0.9380783933784156,0.10890053593134279,1.0
525.0,-0.018730345708097913,-0.001318935143356066,2.045765393408588,-0.25512666825780667,-0.9411710509218435,0.11506024365936578,1.0
526.0,-0.014514723277408615,-0.0005604265126378492,2.0371428641518463,-0.23491147532868134,-0.8872121227738659,0.09553279650006377,1.0
527.0,-0.011682436196915067,-0.00019173620333508311,2.0303483905331614,-0.23308776042553903,-0.8796940451641616,0.09688180976482255,1.0
528.0,-0.005942074466319907,-0.0005311228673378105,2.017877362612685,-0.1880194611912896,-0.7835089371031286,0.05577041448834323,1.0
529.0,-0.0033037455548663285,-0.0001249774848483284,2.0107476978121217,-0.1731044877393198,-0.7799714074366987,0.05208674032187376,1.0
530.0,0.0017368848363891187,-0.000979460106167641,2.0002557128204193,-0.0631808431333426,-0.7500326043858494,0.008807566370145898,1.0
