#{"t_start": 1716122026.0764842, "env_id": "None"}
r,l,t,num_wraps,c
-246.808227,100,2.469833,0.0,0
-274.521331,100,5.591899,0.0,0
-285.027891,100,8.28273,0.0,0
-241.376962,100,10.527913,0.11469894936402295,0
-246.162958,100,12.830689,0.0,0
-235.361826,100,15.207783,0.7956687367998388,0
-271.64855,100,17.496488,0.0,0
-255.423093,100,19.909345,0.0,0
-267.696355,100,22.343545,0.0,0
-250.579675,100,24.873571,0.0,0
-262.371225,100,27.310449,0.0,0
-250.764075,100,29.829657,0.0,0
-271.476006,100,32.313585,0.0,0
-264.689696,100,34.790183,0.0,0
-271.28155,100,37.746412,0.0,0
-263.120138,100,40.313307,0.0,2
-262.236884,100,42.82938,0.0,0
-244.569483,100,45.388225,0.0,0
-251.137792,100,47.993651,0.0,0
-273.473928,100,50.909528,0.0,0
-278.330813,100,53.869598,0.0,0
-241.93207,100,56.51838,0.0,0
-260.038494,100,59.445326,0.0,0
-270.175321,100,62.44329,0.0,0
-270.870282,100,65.084761,0.0,0
-255.942042,100,67.772963,0.0,0
-268.288157,100,70.533594,0.0,0
-262.010161,100,73.199546,0.0,0
-261.126918,100,75.83139,0.0,0
-251.120993,100,78.676021,0.0,0
-261.024103,100,81.535084,0.0,2
-250.931782,100,84.326001,0.0,0
-273.224349,100,87.09339,0.0,0
-263.978722,100,89.78718,0.0,0
-255.740954,100,92.426601,0.0,1
-243.651695,100,95.229136,0.0,0
-252.024079,100,97.889995,0.0,0
-256.167995,100,101.564129,0.0,0
-269.263744,100,105.749647,0.0,0
-243.320946,100,109.769607,0.0,0
-270.510673,100,114.239231,0.0,0
-261.08117,100,117.454313,0.0,0
-233.585833,100,120.525283,0.0,0
-241.787427,100,123.509818,0.0,2
-244.591312,100,126.454191,0.0,0
-247.476084,100,129.458192,0.0,0
-235.899393,100,132.53149,0.0,0
-233.111362,100,135.538036,0.0,0
-239.867367,100,138.623927,0.0,0
-230.405772,100,141.698547,0.0,0
-244.379965,100,154.868027,0.0,0
-229.444118,100,158.326642,0.0,1
-227.820443,100,161.632081,0.1073318907465752,0
-233.975266,100,164.818889,0.0,0
-233.628057,100,168.171382,0.0,0
-232.051649,100,171.503168,0.0,0
-242.498544,100,174.676374,0.0,0
-213.752109,100,178.107742,0.0,0
-237.995312,100,181.237409,0.0,0
-230.31413,100,184.21405,0.0,0
-233.794506,100,187.29722,0.0,1
-232.782243,100,190.357811,0.0,0
-235.235575,100,193.46589,0.0,3
-229.5588,100,196.817892,0.0,0
-231.448119,100,200.44499,0.0,0
-230.618083,100,203.750387,0.0,0
-232.754544,100,207.171884,0.0,0
-223.303878,100,210.370506,0.0,0
-227.129218,100,213.555625,0.0,0
-179.61789,100,217.129582,0.0,1
-219.57297,100,220.565556,0.0,0
-160.747939,100,224.311804,1.0595906958755206,2
-213.715132,100,227.894985,0.0,0
-226.528465,100,231.307642,0.0,0
-211.405592,100,234.57913,0.381989976943506,1
-226.426383,100,237.605746,0.0,0
-217.149843,100,240.871451,0.0,0
-212.405785,100,244.122618,0.7400604508478853,0
-170.245559,100,247.617401,0.0,2
-217.755633,100,250.93457,0.0,0
-221.214148,100,254.039632,0.0,0
-213.43881,100,257.339397,0.0,0
-225.807246,100,260.459077,0.0,0
-212.928612,100,263.72688,0.0,0
-214.68291,100,266.933482,0.0,0
-221.385832,100,270.045002,0.0,0
-229.931441,100,273.223001,0.0,0
-224.931186,100,276.362054,0.0,0
-218.833492,100,279.536028,0.0,0
-223.880577,100,282.533506,0.0,0
-144.963971,100,286.035127,0.8836844623669081,0
-195.635892,100,289.087985,0.0,0
-228.037075,100,292.183866,0.0,0
-232.423869,100,295.137638,0.0,0
-225.59719,100,298.183746,0.0,0
-142.957204,100,301.942166,1.1043502493243216,7
-232.344664,100,304.906324,0.0,0
-230.271415,100,308.26796,0.0,0
-230.617156,100,311.13661,0.0,0
-139.55213,100,314.726566,1.1615740270078947,9
-236.739312,100,328.390516,0.0,0
-233.959766,100,331.925737,0.0,0
-236.514746,100,334.92743,0.0,0
-231.99667,100,337.983124,0.0,0
-207.164719,100,341.309929,0.0,7
-230.361321,100,344.414078,0.0,0
-231.992388,100,347.469264,0.0,0
-233.752311,100,350.442636,0.0,0
-237.974924,100,353.563108,0.0,0
-235.976783,100,356.965863,0.0,0
-138.736411,100,360.88392,1.025521537213417,0
-229.486605,100,364.069583,0.0,0
-222.592498,100,367.116929,0.0,0
-139.414797,100,370.960224,2.042730856496085,9
-231.785739,100,373.979334,0.07511592814815796,0
-143.927909,100,377.725689,0.9761485582423766,8
-223.431878,100,381.496503,0.0,0
-227.890744,100,385.134513,0.0,0
-226.245745,100,388.161628,0.0,0
-227.209927,100,391.291308,0.08898051956136545,0
-226.591188,100,394.7212,0.08299744411974078,0
-136.532994,100,398.810271,0.9587392677876561,9
-151.916901,100,402.650128,0.0,0
-135.688414,100,406.91392,0.9211173924374043,0
-153.665947,100,411.135012,0.8213116987578382,11
-217.180591,100,415.260771,0.7675401499852433,3
-140.749171,100,419.205109,1.1164319047415663,0
-140.100967,100,423.361177,1.1502225228353111,6
-151.005908,100,427.309842,0.8374272752948416,9
-131.374693,100,431.218109,0.9514552404904291,6
-226.152011,100,434.558967,0.32596929002450126,0
-149.638848,100,438.232183,0.9504482408028596,2
-219.297105,100,441.44495,0.0,0
-131.128925,100,445.327104,0.9795985731277314,0
-228.39309,100,448.929884,0.0,0
-228.018755,100,452.213648,0.0,0
-226.8576,100,455.878545,0.15594947706119608,0
-140.362276,100,459.691694,1.0277182142089865,9
-180.037212,100,463.332103,1.0087319067322307,4
-225.401485,100,466.482461,0.0,0
-220.772169,100,469.855918,0.013726692072899477,0
-162.175083,100,473.552132,0.0,0
-221.794478,100,476.863263,0.0,0
-221.410317,100,480.163596,0.003082717867293878,0
-200.260257,100,483.613044,0.0,5
-145.124173,100,487.38601,0.8198516075093271,17
-224.114697,100,490.60994,0.0,0
-163.328782,100,494.286842,1.051976893583458,1
-185.300692,100,498.466194,0.7680413920721731,15
-139.874776,100,502.310145,0.9661034500123814,7
-141.836889,100,518.552555,1.0452919132113787,9
-222.8304,100,521.966873,0.0,0
-221.24911,100,525.473849,0.09207179686921442,0
-223.897891,100,528.996062,0.0,0
-223.256916,100,532.847434,0.0,0
-223.79832,100,536.31625,0.11815172165528058,0
-226.229372,100,539.633135,0.0,0
-226.825173,100,543.180615,0.08456877215913393,0
-222.760309,100,546.600493,0.2728327033232407,0
-144.254334,100,550.634338,0.9492563206051171,0
-131.206265,100,554.706258,0.9792577542410004,0
-132.037807,100,558.622455,0.874461466571651,0
-135.351034,100,562.802105,0.9217892227247221,0
-223.966475,100,566.182728,0.10670815958366729,0
-149.400004,100,570.191946,0.8410860444925403,0
-223.539401,100,573.53639,0.010540378152452906,0
-224.904617,100,576.937875,0.0,0
-142.126228,100,580.864421,0.7030941568993389,0
-129.441784,96,584.555236,1.095259707797683,1
-202.779951,100,588.85622,0.9228398115879786,2
-131.793586,100,594.622457,0.9915445907899241,0
-133.006657,100,599.549402,1.084640973249654,0
-155.359731,100,603.707685,1.056186682206865,0
-175.395785,100,607.946444,0.8359458520725735,0
-131.828196,100,612.323756,0.8957695237623621,0
-216.235434,100,615.970478,0.03095946670985195,0
-220.293357,100,619.358084,0.10678632729296804,0
-179.987354,100,623.255576,0.7747608446129132,0
-226.186911,100,626.498618,0.0,0
-211.431674,100,630.361361,0.487927780905283,3
-233.197832,100,634.242277,0.7595826117773458,0
-220.247509,100,637.594342,0.19333442964107136,0
-144.873898,100,641.169778,0.8593352345032547,0
-211.541066,100,644.567339,0.0,0
-167.617416,100,648.310249,0.8126261942862101,0
-217.98042,100,651.451974,0.0,0
-219.811765,100,654.631365,0.31697991628734523,0
-215.174043,100,657.926689,0.1606148408724661,0
-131.612381,100,661.621985,1.0827886466130743,1
-222.436293,100,664.825852,0.0,0
-214.506424,100,668.147755,0.04114570614268295,0
-222.136184,100,671.819305,0.7705317969506404,0
-163.451597,100,675.512481,0.8357334886835147,6
-235.19176,100,680.499748,0.7527568752287755,9
-141.525366,100,685.485554,0.9040931343819207,8
-218.128475,100,689.186303,0.0,0
-225.508645,100,693.370215,0.0,0
-220.536586,100,697.217986,0.0,0
-234.861347,100,701.359802,0.726532900427572,5
-219.671635,100,705.072199,0.09087233104417736,0
-224.231426,100,720.670128,0.0,0
-220.355336,100,724.328071,0.0737506365637274,0
-225.348235,100,727.754221,0.0,0
-213.862856,100,731.259696,0.15611120637223888,0
-143.816966,100,735.128635,0.8451193051946636,0
-129.300297,100,739.034943,1.0645065244995797,0
-133.498203,100,743.391011,0.8758607560275365,0
-138.782925,100,747.337209,0.8599437215442683,1
-191.279674,100,751.348726,0.674356155077624,0
-132.064111,100,755.180336,0.9370755158666998,0
-220.94476,100,758.470426,0.0,0
-119.408918,91,761.814386,0.9453051954912551,0
-213.822131,100,764.934467,0.2128186171056994,0
-222.634595,100,768.114064,0.0,0
-148.009489,100,771.765086,1.0239710391973367,0
-215.881481,100,774.81734,0.1427206693600214,0
-207.680936,100,778.22639,0.02398413017757572,0
-294.048577,100,780.719462,0.0,0
-126.783084,91,784.081956,0.9935706504499205,0
-189.227513,100,787.756395,0.7683964459885587,0
-153.313705,91,791.017112,0.8879780670846462,0
-211.752136,100,795.071523,0.7763480230701628,0
-285.54362,100,798.131344,0.0,0
-147.203011,100,801.97106,0.8839286123997897,0
-290.299581,100,804.456235,0.0,0
-165.772588,100,808.27503,0.0,0
-71.88138,48,810.011808,1.0479175504635676,0
-106.379076,79,813.039392,0.937862014888423,0
-281.183453,100,815.824102,0.0,0
-278.02474,100,818.52256,0.0,0
-216.165719,100,821.834467,0.12777232992947463,0
-282.050246,100,824.640615,0.0,0
-214.009818,100,828.605802,0.25283736925852085,0
-277.554026,100,831.391324,0.0,0
-229.782154,100,835.083984,0.0,0
-217.075537,100,839.194725,0.038504062382633514,1
-245.227439,100,843.213279,0.0,0
-85.794908,53,845.236504,0.888224301020777,1
-73.674567,49,847.177029,0.9127106646028432,1
-46.501012,25,848.08525,0.9898124082206421,0
-174.826952,80,852.291333,0.817638582104489,0
-276.814535,100,855.815235,0.0,0
-277.400543,100,859.342786,0.0,0
-221.114219,100,863.921191,0.0,0
-285.149008,100,866.990066,0.0,0
-245.540289,100,871.447244,0.0,0
-54.94323,32,872.831138,1.0246311617283852,1
-63.98066,40,874.26518,0.9597760927200176,1
-226.89841,100,878.316771,0.0,0
-58.873555,32,879.798816,0.8013755326049921,1
-71.24901,46,882.013546,0.8890132963506299,0
-68.631771,37,883.920821,0.8469938274922524,0
-46.927471,26,885.147013,0.8580983667850628,0
-234.263423,100,890.084635,0.0,0
-277.919654,100,893.473213,0.0,0
-276.892922,100,896.765907,0.0,0
-275.841915,100,912.829702,0.0,0
-50.835157,30,914.351803,0.9225364759459493,0
-211.835095,100,918.982078,0.0,0
-45.416283,27,920.071163,0.9099892064372357,0
-259.342178,100,924.049293,0.0,0
-239.055532,100,927.648649,0.0,0
-279.36876,100,930.43541,0.0,0
-51.455807,29,931.477462,0.9359611173849105,0
-272.760434,100,934.445681,0.0,0
-45.872416,26,935.337302,1.0892736879297236,0
-241.017644,100,938.65019,0.0,0
-44.377349,23,939.516169,0.8209553922789026,0
-59.16116,28,940.537054,0.8467377291651584,0
-262.650346,100,944.39578,0.0,0
-40.494285,21,945.108557,0.8605311526973087,0
-254.692702,100,948.047737,0.0,0
-263.369316,100,951.11229,0.0,0
-246.314804,100,955.043356,0.0,0
-275.277892,100,957.970582,0.0,0
-40.367837,21,958.71592,0.9026260311208041,0
-251.153506,100,961.792914,0.0,0
-41.203531,20,962.428459,1.0701825596348709,0
-36.070341,19,963.077679,0.9556978328056007,0
-278.417257,100,965.9462,0.0,0
-245.242635,100,969.218459,0.0,0
-35.433686,17,969.767672,1.069175801750866,0
-40.736744,21,970.464365,0.9176667556368608,0
-38.617906,19,971.099708,0.8449080729406265,0
-277.619876,100,973.749039,0.0,0
-42.706968,23,974.519752,1.2628464228296632,0
-40.798137,20,975.210148,1.056270615543122,0
-40.047631,19,975.865179,0.8016119319251178,0
-40.36648,19,976.503624,1.1076860809173752,0
-39.148527,19,977.096768,0.9828583075685419,0
-38.742663,19,977.718765,1.2581766303581587,0
-274.128871,100,981.186462,0.0,0
-274.674267,100,983.995199,0.0,0
-74.765822,34,985.390551,0.8074683378496487,0
-249.864656,100,988.507561,0.0,0
-278.377533,100,991.23642,0.0,0
-276.536374,100,994.041014,0.0,0
-275.862039,100,996.801318,0.0,0
-31.773196,16,997.31367,1.1229962333294718,0
-271.278459,100,1000.190592,0.0,0
-38.352811,19,1000.840254,1.1525244596745643,0
-39.746737,19,1001.503934,1.163938925845013,0
-35.097775,17,1002.048179,0.9786453080438482,0
-274.359931,100,1004.792814,0.0,0
-38.842719,19,1005.448884,0.877876565923311,0
-272.360752,100,1008.859299,0.0,0
-40.522148,20,1009.576563,0.8493617337749589,0
-252.402207,100,1012.844456,0.0,0
-277.831865,100,1015.745787,0.0,0
-245.982084,100,1020.127665,0.0,0
-245.14663,100,1024.398476,0.0,0
-248.879986,100,1027.911362,0.0,0
-247.747862,100,1031.335965,0.0,0
-279.316224,100,1034.640057,0.0,0
-252.915822,100,1038.52421,0.0,0
-278.898516,100,1041.438741,0.0,0
-34.80843,17,1041.993796,1.1067125759715808,0
-245.215876,100,1045.809232,0.0,0
-253.336512,100,1049.479166,0.0,0
-266.039197,100,1053.647975,0.0,0
-246.270582,100,1057.815366,0.0,0
-243.867802,100,1062.283152,0.0,0
-245.492072,100,1066.743015,0.0,0
-35.20569,16,1067.419633,0.8879049123580899,0
-241.788145,100,1071.571256,0.0,0
-236.337936,100,1075.013082,0.0,0
-240.10961,100,1079.064493,0.0,0
-232.470873,100,1083.628778,0.0,1
-244.424466,100,1101.573501,0.0,0
-235.323897,100,1106.202146,0.0,0
-236.447529,100,1109.846233,0.0,0
-34.750752,17,1110.494474,0.901710210063327,0
-244.425948,100,1114.532099,0.0,1
-263.359076,100,1118.824993,0.0,0
-236.796068,100,1122.78853,0.0,0
-245.026461,100,1127.063902,0.0,0
-244.359736,100,1131.049618,0.0,3
-35.023832,18,1131.716309,1.5756425862497279,0
-240.487064,100,1135.866725,0.0,0
-229.575763,100,1139.792371,0.0,0
-238.758581,100,1144.367557,0.0,0
-239.924876,100,1148.850382,0.0,0
-224.204956,100,1153.551589,0.5756711633273269,0
-33.674462,17,1154.271941,1.0159678011556894,0
-231.353653,100,1158.928776,0.7601010797919846,2
-236.065405,100,1163.176934,0.0,0
-246.861571,100,1167.468343,0.0,0
-239.197394,100,1171.412708,0.0,0
-39.998096,20,1172.219054,0.8512672692564731,0
-240.628914,100,1176.226869,0.0,0
-37.328571,18,1176.944358,1.0992112826455023,0
-38.51904,19,1177.804327,0.9753902632904794,0
-237.48864,100,1181.67587,0.0,0
-240.734344,100,1185.89922,0.0,0
-236.76459,100,1190.061163,0.0,0
-234.579105,100,1194.169203,0.0,0
-34.445162,18,1195.136131,0.8316667106599838,0
-234.751263,100,1199.162316,0.0,0
-234.80612,100,1202.995314,0.0,0
-38.662702,19,1203.733287,0.850744488748694,0
-228.158707,100,1207.563902,0.1336903154521193,0
-230.114352,100,1210.849416,0.18553995708034643,0
-35.579984,18,1211.458709,0.9814838744743758,0
-229.849075,100,1214.938336,0.0,0
-227.823538,100,1218.654314,0.0,0
-227.754021,100,1222.803141,0.0,0
-231.498544,100,1226.306292,0.0,1
-226.440765,100,1229.722321,0.21661232675212008,0
-226.30864,100,1233.245209,0.0,0
-224.553983,100,1236.749276,0.0,2
-36.245646,18,1237.390662,1.1818759102359868,0
-227.132948,100,1240.899374,0.0,0
-228.974011,100,1244.993735,0.0,0
-211.566318,100,1249.507382,0.7744065722035111,2
-229.761891,100,1253.440367,0.0,0
-229.229133,100,1257.352307,0.0,0
-227.022343,100,1260.903331,0.0,0
-234.35416,100,1265.349289,0.8216975762349223,17
-228.499429,100,1269.017317,0.0,0
-42.352673,21,1269.768438,0.8430119785368321,0
-225.270037,100,1273.198448,0.0,0
-38.164532,19,1273.841,0.8840178518010684,0
-225.011391,100,1277.046899,0.0,0
-223.24129,100,1280.452771,0.0,0
-230.526972,100,1284.274209,0.6652836055137503,2
-226.324507,100,1288.369736,0.0,0
-226.419687,100,1292.019044,0.0330313651927172,0
-230.683489,100,1295.493517,0.5552453751215802,0
-214.980916,100,1311.382957,1.19683796847204,0
-43.549803,22,1312.381197,0.9050069949760923,0
-227.419695,100,1316.710797,0.0,0
-225.040307,100,1320.320442,0.0,0
-206.349567,94,1323.520394,1.2352375169285779,1
-35.893433,18,1324.193506,0.880495242950917,0
-228.289732,100,1328.024075,0.0,0
-38.59326,19,1328.930688,1.0763102442552266,0
-210.793877,100,1332.935621,0.0,0
-38.853706,19,1333.742698,1.0129652169644319,0
-228.752132,100,1337.832279,0.0,0
-35.960125,18,1338.610633,1.1522323270839725,0
-227.001565,100,1342.869185,0.0,0
-38.341887,19,1343.707597,0.9388585599645789,0
-222.840885,100,1347.894547,0.0,0
-215.387069,100,1352.195731,0.0,0
-221.840181,100,1356.239267,0.0,0
-221.603592,100,1360.582788,0.0,0
-225.596961,100,1364.538329,0.0,0
-218.452045,100,1368.058991,0.0,0
-227.248737,100,1371.720974,0.0,0
-212.268482,100,1374.885562,2.3460038475299663,0
-223.426311,100,1378.319806,0.05578790667707425,0
-37.809343,19,1378.975549,1.4541667962976395,0
-227.927894,100,1382.176587,0.4341476926815027,0
-37.361645,19,1382.805509,1.120527341894402,0
-221.038542,100,1386.17279,0.0,0
-107.255023,50,1388.207957,1.1085602883709005,0
-39.233837,20,1388.988009,1.7953142216589906,0
-38.279634,19,1389.737666,0.989052071574103,0
-36.477988,18,1390.464677,0.8760700714862492,0
-40.67331,20,1391.32217,1.1338438794327232,0
-224.139557,100,1395.111361,0.0,0
-223.117389,100,1399.0211,0.0,0
-35.067064,17,1399.778936,1.0252518057052304,0
-222.61273,100,1404.487003,0.0,0
-213.485389,100,1408.776242,0.0,0
-221.026047,100,1412.368724,0.0,0
-66.934169,32,1413.42305,0.8245043343971002,0
-225.884616,100,1417.08079,0.0,0
-224.157773,100,1420.798245,0.0,0
-225.797696,100,1424.261897,0.0,0
-221.00459,100,1427.675239,0.24513220393579033,0
-222.693599,100,1431.278705,0.0,0
-226.569066,100,1435.066906,0.0,0
-76.714652,38,1436.50099,0.8069021436600664,0
-35.44123,18,1437.246265,0.9376748875379305,0
-226.325405,100,1440.822242,0.10667491914118461,2
-227.184612,100,1444.396251,0.14197839407092136,0
-35.338616,18,1445.035058,1.4932069967200194,0
-218.94296,100,1448.502183,0.0,0
-175.884713,81,1451.056273,1.6767454071805958,2
-214.732545,100,1454.248146,0.17780343441031315,0
-212.471732,100,1457.524531,1.153836207084702,1
-106.344473,49,1459.126558,1.407745627238654,1
-33.646232,17,1459.687714,1.795604841192721,0
-220.86626,100,1462.935791,0.0,0
-215.922862,100,1466.056461,2.1375504601099657,1
-223.549342,100,1469.415551,0.0,2
-38.464398,19,1470.006355,1.190435716269072,0
-223.880972,100,1473.199668,0.0,1
-220.76395,100,1476.510759,0.0,0
-219.282465,100,1479.873961,0.0,0
-220.278224,100,1483.061751,0.013855861038179373,0
-219.014136,100,1486.298075,0.0,0
-220.529748,100,1489.47553,0.0,0
-224.187868,100,1492.669409,0.18083114003660974,1
-216.469514,100,1508.002776,0.0,0
-34.087327,17,1508.627322,1.3005011822910966,0
-106.824875,52,1510.446293,1.0011294737240597,0
-221.585174,100,1513.593914,0.0,0
-210.734124,100,1517.593979,0.0,0
-221.37928,100,1521.258242,0.0,0
-35.609672,18,1521.838175,1.2079688401525326,0
-45.90989,23,1522.688094,0.9228234001681191,0
-38.454611,19,1523.363661,0.9056700305607033,0
-218.83666,100,1526.77262,0.0,0
-34.504158,17,1527.329776,1.2347528542367945,0
-38.524567,18,1527.939018,0.8023537206899566,0
-108.494724,52,1529.614625,1.1012966677537184,1
-35.975967,18,1530.24304,1.0317061443400104,0
-38.559191,19,1530.926003,1.2390045074207638,0
-42.568712,21,1531.709047,0.8256157215649143,0
-39.760841,19,1532.406628,1.103048134466095,0
-219.676043,100,1535.772951,0.0,0
-216.831968,100,1539.14021,0.0,0
-32.377539,16,1539.657905,1.0663039619054986,0
-221.12056,100,1543.481974,0.05112362718167856,0
-221.423637,100,1547.12926,0.0,0
-219.554973,100,1550.605204,0.0,0
-214.517165,100,1554.111709,0.242661920738332,0
-217.738042,100,1557.729895,0.0,0
-210.062247,100,1561.194089,0.0,0
-32.445731,16,1561.922272,0.8061456364739399,0
-223.781813,100,1565.246652,0.0,0
-224.996962,100,1568.542409,0.0,1
-51.890523,27,1569.492034,0.8201879998000398,0
-219.039612,100,1572.736889,0.0,0
-222.029566,100,1575.963515,0.0,0
-213.624171,100,1579.463483,0.0,0
-36.169598,18,1580.086416,1.057455385923226,0
-235.878176,100,1583.469595,0.0,10
-217.225375,100,1587.174039,0.0,0
-224.032922,100,1590.839736,0.0,4
-35.695854,18,1591.469047,1.0413150323474163,0
-149.767805,71,1593.801851,1.1469937080539374,0
-218.828541,100,1597.299049,0.0,0
-227.589323,100,1600.892979,0.0,1
-220.957583,100,1604.042678,0.0,0
-80.215028,38,1605.372129,0.8748443513492637,0
-214.179723,100,1608.698829,0.0,0
-221.120867,100,1611.849991,0.0,0
-214.850601,100,1615.089353,0.0,0
-220.967342,100,1618.330152,0.0,0
-33.59389,17,1618.928447,0.9636137499192139,0
-212.611294,100,1622.281734,0.0,0
-220.700445,100,1625.465538,0.0,0
-37.959351,19,1626.072348,0.9824038848499834,0
-222.648541,100,1630.343472,0.0,0
-221.311544,100,1633.955059,0.07768588956610392,1
-222.506897,100,1638.111829,0.0,0
-224.469808,100,1642.099598,0.0,0
-222.460695,100,1645.491546,0.0,0
-53.080316,27,1646.464385,0.9884226763953374,0
-215.664337,100,1649.936351,0.06730381904592332,1
-225.464302,100,1653.417884,0.1472813407852231,0
-220.675417,100,1656.719704,0.0,0
-206.527828,100,1659.784072,0.0,0
-226.062244,100,1663.119378,0.0,1
-218.960729,100,1666.467921,0.09151280367568507,0
-213.506872,100,1669.817244,0.04633244850643028,2
-134.722239,65,1671.790941,1.0731815409998515,0
-232.277936,100,1675.095834,0.0,2
-36.783394,19,1675.660867,1.2473064108813625,0
-211.025501,100,1692.449393,0.28540753049601914,0
-218.666145,100,1696.262342,0.0,0
-219.073571,100,1699.867871,0.0,0
-32.34204,17,1700.468618,0.9494862307088305,0
-41.366823,21,1701.213359,0.8978190144990458,0
-37.401514,18,1701.863657,1.2287956768974437,0
-36.853186,18,1702.532756,1.4886264707016834,0
-215.065615,100,1705.841937,0.0,0
-40.144526,20,1706.579925,0.9679273545450011,0
-225.736867,100,1710.250211,0.0,0
-38.430223,19,1711.128156,1.122419211692517,0
-225.419534,100,1714.903421,0.0,0
-36.192506,18,1715.600674,0.9126918843895798,0
-38.693508,19,1716.260351,1.2249605188005528,0
-211.13813,100,1720.515474,0.06339071617633252,0
-39.576191,20,1721.194614,0.9254251148558559,0
-38.592216,19,1721.947704,1.036256927237564,0
-35.280738,18,1722.577872,0.9717463580724635,1
-36.594774,18,1723.214353,1.1579259372852169,0
-211.403547,100,1726.666102,0.0,0
-223.19788,100,1730.164332,0.0,0
-228.112136,100,1733.563463,0.0,2
-215.880942,100,1737.071942,0.13325063824073838,0
-36.796502,18,1737.717708,1.0859937896642453,0
-227.820002,100,1741.217705,0.0,0
-210.08837,100,1745.092249,0.16013148527265553,0
-37.26896,18,1745.727224,1.323918997363695,0
-34.537506,17,1746.297147,1.0133607791606736,1
-228.780698,100,1749.477082,0.0,0
-37.060055,18,1750.190854,1.292532217445622,0
-34.615161,17,1750.855386,0.9629173646676554,1
-222.402304,100,1754.357634,0.0,0
-47.820947,25,1755.189699,1.1755656833475756,2
-217.819108,100,1758.66922,0.0,0
-224.839724,100,1761.979553,0.0,0
-224.948278,100,1765.283798,0.0,0
-226.506109,100,1768.62433,0.0,0
-36.657416,18,1769.220725,1.0741700947694848,0
-87.146284,41,1770.584442,0.9809124907868131,0
-222.988959,100,1773.836556,0.0,0
-38.551768,19,1774.451294,1.1804695420668236,0
-217.498228,100,1777.760959,0.0,0
-229.110593,100,1781.371687,0.0,0
-220.177938,100,1784.8117,0.0,0
-38.379921,19,1785.47563,1.1032796905639426,0
-209.358354,100,1789.057151,0.2664395361782123,0
-36.014011,18,1789.608078,1.1689439602853449,0
-222.97857,100,1792.780657,0.0,0
-224.959183,100,1796.055008,0.0,0
-37.069491,18,1796.597599,1.306333194440187,0
-222.602381,100,1799.954288,0.0,0
-212.858715,100,1803.315804,0.48280046830579676,0
-223.581208,100,1806.629389,0.0,0
-39.156928,19,1807.275678,0.8023678376672325,0
-219.246848,100,1811.266222,0.0,1
-225.881329,100,1814.586217,0.0,0
-210.111129,100,1818.392855,0.06256188828400287,0
-224.151839,100,1822.450312,0.0,0
-38.352973,19,1823.093719,1.1935866955706158,0
-66.510885,32,1824.142107,0.8949041537427206,0
-207.738609,100,1827.72562,0.2941760366922662,1
-63.126781,30,1828.821459,0.9825670051394874,0
-210.448598,100,1832.354241,0.0957379172357956,0
-226.347196,100,1835.885537,0.0,0
-217.789371,100,1839.494105,0.0,1
-225.4663,100,1843.06715,0.0,0
-216.020697,100,1846.440334,0.10318221641080076,2
-38.656772,19,1847.073953,1.3175890867457605,0
-36.9723,18,1847.702562,1.0949370110307306,0
-35.77069,18,1848.259205,1.2551136242068421,0
-37.964459,19,1848.850872,1.409168590617216,0
-208.107542,100,1852.31049,0.06079768180107304,0
-225.715993,100,1855.6072,0.0,0
-211.118595,100,1859.168838,0.0,0
-74.685807,36,1860.449864,0.9356460734203667,0
-41.085196,20,1861.315685,0.910281181858463,0
-38.352582,19,1861.964109,1.3170651534172793,0
-38.16688,18,1862.5623,0.9657059232035395,0
-35.985232,18,1863.172825,1.1280951325366346,0
-36.917656,18,1863.769065,1.291578225931724,0
-39.426407,19,1864.398666,1.152059834192972,0
-201.480058,100,1885.291017,1.231783928330739,0
-211.674774,100,1890.678302,0.0,0
-45.763645,23,1891.622186,1.0366519583246383,0
-224.679708,100,1895.845734,0.0,0
-212.697769,100,1900.247563,0.0,0
-213.147418,100,1904.944547,0.1666114567221862,0
-52.903306,27,1906.277988,0.8238530693722051,0
-208.872881,100,1910.281318,0.2474793084439415,0
-36.4816,19,1911.012951,0.8550817647411502,0
-34.891681,18,1911.710604,1.2586557118821702,0
-225.635586,100,1915.892005,0.0,0
-224.381322,100,1920.040917,0.0,0
-37.375242,18,1920.730041,1.264177417478278,0
-37.208069,18,1921.375952,1.1584324907035457,0
-247.581694,100,1926.158101,0.7880638892524353,5
-212.689926,100,1930.29948,0.1291898163614362,0
-213.148935,100,1934.326274,0.2993689001503199,0
-37.198744,18,1934.998294,1.0919955484131403,0
-44.870419,24,1935.854331,1.0784282407736878,0
-36.168131,18,1936.520587,1.0778716771024512,0
-225.506126,100,1940.370242,0.0,0
-202.84534,100,1944.729558,0.7608699559926829,0
-217.716938,100,1948.194659,0.0,0
-226.838683,100,1951.544073,0.0,0
-42.593654,21,1952.247157,1.362344021291749,0
-39.3513,21,1952.95818,0.9619548314874524,0
-37.82133,19,1953.600742,1.0498339116159,0
-37.557093,18,1954.329756,1.071441748656654,0
-34.418439,17,1955.031508,1.186774816776591,0
-37.059269,18,1955.615014,1.330857635122526,0
-211.596167,100,1959.310723,0.2666816621278417,0
-32.160611,16,1959.874058,0.9627377254168438,0
-218.837763,100,1963.960997,0.0,0
-211.390859,100,1968.450099,0.0,0
-63.123941,29,1969.742703,0.9246870745367152,2
-218.169241,100,1973.663789,0.0,0
-216.634753,100,1977.406233,0.0,0
-211.17608,100,1981.596537,0.04811325153624634,0
-37.042992,18,1982.184299,1.1615432809353508,0
-207.46612,100,1986.615968,0.37598251647948616,0
-211.704776,100,1990.580021,0.17447115282160539,0
-32.493917,16,1991.130618,0.888447884846006,0
-34.878375,17,1991.708433,1.210250692443372,0
-216.979235,100,1995.671676,0.0,1
-213.824073,100,1999.493483,0.1531907176314208,1
-209.134374,100,2003.527005,0.19667124047760953,0
-226.432348,100,2008.313799,0.0,0
-223.272742,100,2012.689304,0.7812233429887689,0
-212.322198,100,2016.569453,0.0,0
-36.992057,18,2017.312755,1.1673903218120087,0
-229.188139,100,2021.780996,0.7410637029416864,6
-212.794685,100,2026.390463,0.04742223555947162,0
-36.834606,18,2027.202745,1.1842037258622444,0
-211.739292,100,2031.760643,0.0,0
-212.702655,100,2035.859887,0.13092192125338914,0
-38.251151,19,2036.514999,1.2484271372310365,0
-211.26628,100,2040.223439,0.0,0
-34.547648,17,2040.852279,1.3349320112978154,0
-225.776106,100,2044.769919,0.0,0
-210.207824,100,2048.567878,0.16791183840537333,0
-37.564161,18,2049.168469,1.2522282336578054,0
-222.967496,100,2053.049755,0.0,0
-216.693227,100,2056.528364,0.0,0
-225.570984,100,2060.022317,0.0,0
-225.935911,100,2063.462844,0.0,2
-227.465829,100,2067.265292,0.0,0
-38.791418,19,2067.986036,1.2742111968249363,0
-211.543138,100,2071.719024,0.2560562379943287,0
-212.033793,100,2075.524927,0.1443977629905991,0
-84.592571,39,2077.114116,0.8335772567961249,2
-214.258759,100,2081.001783,0.03023924782965651,0
-34.819134,17,2081.620766,1.162913951666623,0
-36.093029,18,2082.298446,1.0385356438473672,0
-216.308692,100,2098.155882,0.0,0
-34.931471,17,2098.822837,1.1984658588860104,0
-210.96744,100,2103.366877,0.07825756193738727,0
-216.682724,100,2107.532685,0.0,0
-214.917999,100,2111.469408,0.0,1
-37.231894,18,2112.124222,1.042166791724534,0
-220.131736,100,2116.148329,0.0,0
-209.412043,100,2120.696301,0.7240434126755982,8
-34.477137,17,2121.26014,1.2985215041099532,0
-225.824849,100,2125.300501,0.0,0
-31.964865,17,2125.953102,1.0888666629817791,0
-211.534236,100,2130.036924,0.41132453807933056,1
-209.101858,100,2133.854797,0.0,0
-35.622506,18,2134.53691,1.028106442783929,0
-39.072036,19,2135.232288,0.9920877717361953,0
-223.586376,100,2139.187072,0.0,0
-206.216688,100,2143.626836,0.772937851415648,1
-209.141796,100,2147.485664,0.050393841512481816,0
-211.132986,100,2151.599232,0.12101211681433749,0
-211.882873,100,2155.12891,0.13846913994479415,0
-201.640753,100,2159.105406,0.7293306966333198,0
-38.820126,19,2159.693478,1.157191300212413,0
-226.646266,100,2162.995305,0.0,0
-226.186915,100,2166.470543,0.0,0
-34.65823,17,2167.071961,0.8743368080570486,0
-222.875387,100,2171.061438,0.0,1
-38.477239,19,2171.700919,1.3085493782500919,0
-209.310318,100,2175.201986,0.1453126640012821,0
-221.180349,100,2178.426995,0.0,0
-36.951226,18,2178.985414,1.3284714016191932,0
-39.997324,20,2179.668502,0.8098516527315474,0
-43.765585,20,2180.437705,0.9714397970192623,0
-39.713524,19,2181.124639,0.9862258429485182,0
-34.220137,17,2181.735199,1.3514073064566319,0
-211.084987,100,2185.456405,0.0,0
-36.911391,18,2186.03529,1.2087456990613774,0
-221.392114,100,2189.648024,0.0,0
-214.074957,100,2193.661637,0.0,0
-38.342335,19,2194.449433,1.406299972076219,0
-34.650082,17,2195.124749,1.2004941300833207,0
-34.893457,17,2195.71247,1.173709598504532,0
-40.063362,20,2196.345209,1.2826497799757373,0
-35.902,18,2196.917407,1.1188942846389125,0
-38.570038,19,2197.657123,1.2903464388714756,0
-32.073078,16,2198.253609,1.2968870803229104,0
-37.286006,18,2198.898966,1.1881997828308317,0
-37.260281,18,2199.62162,1.1971650321330871,0
-31.863165,16,2200.216709,1.238936480064035,0
-210.415292,100,2203.698995,0.04002905549217598,0
-202.684362,100,2207.630133,0.7185911502618568,0
-38.874111,19,2208.218407,1.1301630309779396,0
-212.968998,100,2211.944287,0.07014510225321581,0
-31.881714,16,2212.597365,1.2220113066296854,0
-211.750718,100,2216.348116,0.0,0
-206.134278,100,2221.209476,0.7943343453429924,9
-226.331683,100,2225.694796,0.0,0
-219.632353,100,2229.714096,0.0,0
-37.665676,18,2230.369627,1.0700420781732474,0
-210.68606,100,2234.90275,0.0714140987406664,0
-214.128136,100,2239.872212,0.22766776379369327,0
-211.532548,100,2243.845992,0.04104453315016736,0
-210.52566,100,2247.616175,0.2218104660073193,0
-34.703273,17,2248.190497,1.1180834979270087,0
-212.828172,100,2251.967923,0.0,0
-206.076842,100,2255.809108,0.4548270113140335,0
-210.407043,100,2259.537471,0.10108030891534495,0
-202.257255,100,2263.918898,0.7450247014600782,0
-210.595152,100,2267.649914,0.1282609593469683,0
-175.098047,100,2271.999825,0.8815444255761093,0
-211.946661,100,2275.729262,0.1860377067382974,0
-226.583631,100,2279.378021,0.0,0
-213.718823,100,2283.100789,0.0,0
-217.528714,100,2286.790464,0.0,0
-33.901437,17,2287.38099,1.0514122908015529,0
-209.388791,100,2291.151546,0.10767282248489009,0
-157.815116,74,2308.648481,1.2814567726585153,1
-38.818817,19,2309.384392,1.2236741472554036,0
-35.21062,17,2309.986458,1.017258281564594,0
-34.794914,17,2310.61158,1.165243893836105,0
-208.527271,100,2314.454494,0.2037589181861986,0
-209.189301,100,2317.990079,0.12083919721760496,0
-211.456744,100,2321.576895,0.13518927717585438,1
-38.907817,19,2322.204886,1.0401508964388027,1
-210.922768,100,2326.475011,0.0,0
-210.105077,100,2330.835027,0.006921060943575208,0
-209.023101,100,2334.9235,0.0767730716782785,0
-36.842468,18,2335.493389,1.246957166262586,0
-37.320352,18,2336.076706,1.1713607813605111,0
-31.988031,16,2336.646613,1.1983466542606713,0
-227.14215,100,2340.3172,0.0,0
-39.50784,19,2340.959825,1.0895977675941202,0
-211.628735,100,2344.7981,0.12358346725721883,0
-225.346158,100,2349.783049,0.0,0
-29.315906,15,2350.37584,1.054905302840554,1
-202.973221,100,2354.922728,0.7559929007337007,0
-39.269984,19,2355.741922,1.1299368197414033,0
-218.515053,100,2359.529009,0.0,1
-225.988562,100,2363.332669,0.0,0
-32.672048,16,2363.919197,1.1859661567427184,0
-34.842309,17,2364.549049,1.0294791272627006,0
-32.169525,16,2365.128105,1.275948658294418,0
-226.162842,100,2368.963442,0.0,1
-109.212683,51,2371.074615,0.8657155713796449,0
-40.557529,20,2371.781874,1.0188800706257473,0
-226.854752,100,2375.787446,0.0,0
-203.985838,100,2380.325771,0.7733082349861751,0
-37.952977,18,2381.025202,1.0498000246590442,0
-46.391888,23,2381.94003,1.0378820460815863,0
-219.402162,100,2386.177983,0.0,0
-36.776783,18,2386.882837,1.1084483793755593,0
-209.740019,100,2391.045128,0.18446583140294548,0
-219.560877,100,2394.930147,0.0,0
-34.372435,17,2395.536699,1.3277492577900725,0
-227.365808,100,2399.328207,0.0,0
-31.630035,16,2399.910299,1.280713655331062,0
-37.340272,18,2400.498302,1.0030721457102814,0
-35.531718,17,2401.089426,1.074752529759348,0
-36.707019,18,2401.701503,1.108492485054175,0
-42.525542,20,2402.422116,0.9950336987049667,0
-215.328116,100,2406.011021,0.0,0
-217.46356,100,2409.65122,0.0,0
-218.096018,100,2413.139346,0.0,0
-226.27614,100,2416.785548,0.0,0
-33.629454,17,2417.387098,1.1300993996050257,0
-31.874282,16,2417.972118,1.340353618610198,0
-40.17852,20,2418.649052,1.051088176846097,0
-208.623264,100,2422.461692,0.19653503676044923,0
-36.816001,18,2423.039623,1.2013283295861288,0
-210.090406,100,2427.049684,0.3005747722984896,0
-228.10902,100,2430.485474,0.0,0
-36.912442,18,2431.039353,1.2735671978870657,0
-203.277262,100,2435.1484,0.7066087212396428,0
-221.023079,100,2438.475572,0.0,0
-35.091472,17,2439.030763,1.202699358337501,0
-209.644906,100,2442.467936,0.06874097500916644,0
-37.216241,18,2443.061693,1.1721774798645832,0
-37.671464,18,2443.66455,1.1016046649466478,0
-37.050513,18,2444.23301,1.2844973745855246,0
-209.251205,100,2447.576998,0.0,0
-35.224211,17,2448.088858,1.089877140880555,0
-34.355083,17,2448.739105,1.0965087801374065,0
-209.674688,100,2452.256649,0.196437843594949,0
-209.170587,100,2455.632279,0.13684641767458194,0
-226.43038,100,2459.387759,0.7732815599993064,1
-220.781791,100,2462.736091,0.0,0
-228.103822,100,2466.216805,0.0,0
-208.01468,100,2469.890773,0.1631829189353077,0
-210.14813,100,2473.520834,0.09441401747346741,0
-209.601294,100,2477.168313,0.010056472342941006,0
-31.037283,16,2477.743929,0.9140639981857215,0
-208.556301,100,2481.501001,0.08415709017391183,0
-227.645645,100,2485.121928,0.0,0
-219.320746,100,2488.962295,0.0,0
-35.433897,17,2489.516775,1.1567628751929273,0
-206.1277,100,2493.565828,0.33381336863669575,0
-45.905584,23,2494.397225,0.8636532773248587,0
-206.935917,100,2513.871679,1.0061089182656362,6
-208.110384,100,2518.454739,0.07672225598639412,0
-29.661173,15,2518.980249,1.2493301872545564,0
-223.455633,100,2522.54187,0.0,0
-209.69644,100,2526.210441,0.23954516525237798,0
-202.545291,100,2529.979445,0.026197284351383052,1
-206.940294,100,2533.499302,0.29320590524886203,0
-66.543236,32,2535.077339,1.233810930536812,0
-209.798141,100,2539.040721,0.07712094407831044,0
-31.798355,16,2539.644685,1.2285425913757857,0
-40.753834,20,2540.289774,0.9864193025436405,0
-37.222587,18,2540.889907,1.2409574345180505,0
-209.002366,100,2544.973176,0.24352860025865822,0
-217.885055,100,2548.484572,0.0,0
-31.804396,16,2549.015309,1.2854377374204247,0
-32.330168,16,2549.558272,1.240318519150595,0
-213.905027,100,2553.451459,0.0,0
-229.95888,100,2557.330835,0.0,0
-35.196682,17,2557.99361,1.008074334973896,0
-39.311506,19,2558.74163,1.1855091308746109,0
-208.992123,100,2562.73618,0.06099970580976174,0
-210.317693,100,2566.706853,0.2642467705237652,0
-38.323545,19,2567.331529,0.9088820355880388,0
-208.70147,100,2571.335136,0.15689865818614704,0
-41.471379,21,2572.124366,1.413413892383524,0
-204.91052,100,2576.501157,0.7844777723326382,0
-31.779822,16,2577.059408,1.2933928054787975,0
-226.911744,100,2580.867831,0.0,0
-210.399041,100,2584.645371,0.16572410281504785,0
-37.318731,18,2585.209839,1.0600377198233384,0
-41.273274,20,2585.872001,0.9614165460054355,0
-33.897463,17,2586.448471,0.839200659821135,0
-39.27614,20,2587.101851,1.5001971870544415,0
-34.312869,17,2587.637371,1.3240250695869866,0
-211.171939,100,2591.556288,0.0,0
-206.673358,100,2595.501374,0.3742564687898412,0
-37.28855,18,2596.113898,0.9646852958447102,0
-36.932499,18,2596.725334,1.1649430571392096,0
-217.232802,100,2601.221727,0.0,0
-220.480473,100,2604.695129,0.0,0
-41.886268,20,2605.343401,1.037246099674143,0
-35.155527,17,2605.873482,1.1390517703196423,0
-32.636971,16,2606.406417,1.1869494898061146,0
-37.300214,18,2606.976211,1.1896238315595016,0
-34.8725,17,2607.476614,1.151256370129005,0
-209.955116,100,2610.772306,0.1801767225842049,0
-34.312854,17,2611.301949,1.304853693900399,0
-208.502025,100,2614.660034,0.22282861125138645,0
-209.470621,100,2618.171061,0.04882624890689934,0
-38.112287,18,2618.725632,1.1058003206244416,0
-34.627089,17,2619.24264,1.0327212241613606,0
-42.286232,21,2619.959858,0.9886191020704123,0
-34.099137,17,2620.518094,1.2466415352764184,0
-224.655845,100,2624.939084,0.0,0
-208.793551,100,2629.016515,0.0929685419065432,0
-37.303468,18,2629.661377,1.2364283524348818,0
-208.780551,100,2633.454403,0.09253668909812274,0
-226.249741,100,2636.878364,0.0,0
-40.927632,20,2637.614438,0.9134297200641202,0
-208.513076,100,2641.374808,0.0,0
-208.834086,100,2644.964853,0.06870674281898533,0
-71.914921,31,2646.051103,0.8007504279797274,0
-228.02064,100,2649.443758,0.0,0
-34.847895,17,2649.960692,1.1277838216943432,0
-226.762777,100,2653.826763,0.0,0
-31.778196,16,2654.333817,1.309770100375839,0
-209.59718,100,2657.729913,0.0954390933459783,0
-29.60062,15,2658.256878,1.2013030917405645,0
-213.369812,100,2661.872799,0.0,0
-40.429624,19,2662.488283,0.9460546536643093,0
-31.710117,16,2662.988263,1.2835843656241814,0
-76.727694,37,2664.202891,0.8662294123053761,0
-220.360762,100,2667.420287,0.0,0
-207.686558,100,2670.806507,0.03667442947093168,0
-209.112628,100,2674.250655,0.17337396880827466,1
-41.741911,21,2674.917376,1.3666012538329073,0
-42.537847,22,2675.592818,1.010609106009995,0
-31.695168,16,2676.059657,1.2327889196274457,0
-36.954091,18,2676.615533,1.2120979003644388,0
-36.69733,18,2677.175432,1.2735984839829422,0
-41.393201,20,2677.767193,1.1605283942516866,0
-225.892038,100,2681.226853,0.0,0
-42.320351,21,2681.904459,1.1685090796180435,0
-29.974025,16,2682.410015,1.1554881501426792,0
-39.706704,19,2683.046142,1.0854209279802212,0
-31.521746,16,2683.567986,0.8711923345968493,0
-208.743809,100,2686.665569,0.546830100519629,0
-32.069115,16,2687.15491,1.274395521410394,0
-209.700221,100,2690.364603,0.086762285369395,0
-34.713462,17,2690.839266,1.1698436480551544,0
-207.414006,100,2694.132452,0.044263155822570455,0
-41.119956,20,2694.784457,0.9921352514535431,0
