#{"t_start": 1715759043.36341, "env_id": "None"}
r,l,t,num_wraps,c
-85.800578,60,5.021029,0.0,0
-94.281695,60,6.247344,0.0,0
-100.731289,60,7.450648,0.0,0
-98.12074,60,8.586659,0.0,0
-104.040154,60,9.753715,0.0,0
-92.737191,60,10.921696,0.0,0
-89.732276,60,12.111474,0.0,0
-96.104987,60,13.294267,0.0,0
-94.101706,60,14.452322,0.0,0
-90.858162,60,15.645248,0.0,0
-104.353325,60,16.974257,0.0,0
-90.882109,60,18.129499,0.0,0
-98.18776,60,19.373749,0.0,0
-103.344589,60,20.602736,0.0,0
-95.831911,60,21.78945,0.0,0
-97.152126,60,22.973521,0.0,0
-89.720062,60,24.218235,0.0,0
-86.399703,60,25.425294,0.0,0
-87.93986,60,26.659753,0.0,0
-97.454765,60,27.858403,0.0,0
-99.988332,60,29.106174,0.0,0
-104.791354,60,30.319428,0.0,0
-99.389059,60,31.600504,0.0,0
-89.786729,60,32.922052,0.0,0
-87.352792,60,34.2183,0.0,0
-94.929217,60,35.492913,0.0,0
-102.614854,60,36.788971,0.0,0
-88.238082,60,38.093533,0.0,0
-86.168403,60,39.304668,0.0,0
-98.939948,60,40.529451,0.0,0
-89.85964,60,41.853622,0.0,0
-78.915152,60,43.177285,0.0,1
-94.79505,60,44.537185,0.0,0
-84.596184,60,50.473491,0.0,1
-94.440225,60,52.011786,0.0,0
-87.704291,60,53.815477,0.0,0
-78.586599,60,55.369346,0.0,0
-87.444535,60,56.955006,0.0,0
-105.201658,60,58.554956,0.0,0
-98.566836,60,60.528303,0.0,0
-78.821261,60,62.196866,0.0,0
-99.027212,60,63.927024,0.0,0
-86.446607,60,65.419629,0.0,0
-89.435006,60,66.829833,0.0,0
-81.551073,60,68.249026,0.0,0
-85.948953,60,69.704006,0.0,0
-60.888406,46,70.750445,0.755046407421903,0
-81.639401,60,72.239566,0.05942967667873124,0
-100.308252,60,73.721606,0.0,0
-79.383915,60,75.180229,0.0,0
-80.245465,60,76.758062,0.0,0
-85.852045,60,78.145042,0.0,0
-93.865069,60,79.482905,0.0,0
-79.497039,58,80.745926,0.7537778571559576,0
-79.889798,60,82.100535,0.0,0
-86.354709,60,83.635077,0.08817160966859806,1
-71.279731,53,84.889715,0.9173496594798621,2
-81.78692,60,86.285825,0.0,0
-81.793628,60,87.662254,0.16719123084999832,4
-77.522548,60,89.077516,0.06699291253934105,0
-81.745531,60,90.473457,0.0,0
-52.113655,39,91.305167,0.7604996453118319,0
-96.666203,60,92.667008,0.0,1
-77.126634,60,94.013426,0.0,0
-91.635257,60,95.376833,0.0,2
-78.884478,60,96.679827,0.0,0
-83.847911,60,97.981563,0.0,0
-43.163374,32,103.304552,0.7500938370879415,0
-79.531312,60,104.946223,0.0,0
-51.216906,38,105.954146,0.8622941028405929,0
-90.769443,60,107.98471,0.0,0
-81.420892,60,109.891081,0.0,3
-77.123113,60,111.455695,0.0,1
-75.040925,60,112.835192,0.0,0
-80.456509,60,114.245622,0.013760772997262194,0
-75.444247,60,115.626479,0.0,0
-84.174183,60,116.991741,0.0,0
-76.89642,60,118.367628,0.0,0
-77.129881,60,119.719758,0.06890649770637586,0
-77.048707,60,121.092613,0.0,0
-40.270385,30,121.743299,0.7567847157095312,0
-75.337957,60,123.097461,0.0,0
-73.819491,60,124.528823,0.14584516339131295,0
-78.059943,60,125.956569,0.0,0
-81.162436,60,127.296422,0.0,1
-75.001777,60,128.685498,0.06549582416151323,0
-77.429341,60,130.078021,0.0,0
-74.40619,60,131.509847,0.0,0
-73.783508,60,132.941475,0.0,0
-74.602413,60,134.351818,0.0,0
-74.319123,60,135.737643,0.0,0
-72.289767,60,137.127009,0.0,0
-74.28887,60,138.534051,0.049684916263198195,0
-32.200048,24,139.120556,0.7504421055176639,0
-75.518841,60,140.557776,0.0,0
-74.569188,60,141.935218,0.0,0
-74.534966,58,143.253399,0.7586721581497056,0
-71.110228,60,144.678223,0.0,0
-72.850346,60,146.045325,0.05982176738140878,0
-72.38272,60,147.482614,0.0,0
-74.543012,60,148.908481,0.0,0
-75.092752,60,150.380203,0.0,0
-75.608227,60,156.424915,0.0,0
-73.051614,60,158.244292,0.0,0
-41.208874,32,159.316275,0.7579510518733422,0
-75.196583,60,161.285417,0.0,0
-71.419651,60,162.80175,0.11512008954322903,0
-74.057436,60,164.661093,0.0,0
-22.015231,17,165.183865,0.7517281589089363,0
-74.434238,60,166.833253,0.0,0
-73.361724,60,168.429081,0.0,0
-47.008935,36,169.382704,0.8739213144788752,0
-72.484733,60,170.882513,0.0,0
-73.975806,60,172.312988,0.0,0
-70.782372,57,173.646039,0.7572314128837374,0
-74.20117,60,175.081186,0.0,0
-74.344876,60,176.547402,0.03407703022495371,0
-72.129336,60,177.977078,0.0,0
-73.672615,60,179.430608,0.12234224525242146,0
-72.355862,60,180.910349,0.0,0
-73.728544,60,182.404514,0.0,0
-72.246118,60,183.878588,0.0,0
-58.117542,46,184.985248,0.7525551633376071,0
-71.738438,60,186.435451,0.0,0
-71.530121,60,187.901375,0.0,0
-72.866427,60,189.36212,0.0,0
-73.690608,60,190.840977,0.0,0
-69.908857,60,192.287437,0.0,0
-73.188452,60,193.688565,0.0,0
-73.783517,60,195.109158,0.0,0
-72.401193,60,196.567343,0.0,0
-22.4849,17,196.998905,0.7515888298639755,0
-71.920398,60,198.455441,0.0,0
-71.015595,60,199.923758,0.0,0
-71.593918,60,201.372506,0.0,0
-23.428878,18,201.816192,0.7534411338335409,0
-74.768372,60,203.23505,0.2624272705916937,0
-73.341477,60,204.67243,0.0,0
-73.155972,60,206.095009,0.031561983359553784,0
-39.047962,30,211.540323,0.7621364304051638,0
-23.042601,18,212.023486,0.7541491774302462,0
-73.480667,60,213.590957,0.0,0
-73.863827,60,215.269831,0.2151552951633629,0
-73.920518,60,216.987874,0.0,0
-72.864438,60,218.618491,0.0,0
-71.677793,60,220.282313,0.028314245074106913,0
-73.592155,60,221.834441,0.0,0
-72.893027,60,223.344188,0.0,0
-71.968992,60,224.840275,0.0,0
-72.38516,60,226.309169,0.0,0
-71.804771,60,227.793981,0.0,0
-72.204144,60,229.267921,0.021438089844063857,0
-73.023994,60,230.76023,0.0,0
-72.362923,60,232.21246,0.035361914374422765,0
-73.766772,60,233.653242,0.014902906908830064,0
-72.298561,60,235.175946,0.06751055077597212,0
-43.85191,35,236.047334,0.7518907541250065,0
-73.548589,60,237.548485,0.0,0
-72.654293,60,239.123401,0.0,0
-72.69835,60,240.957859,0.09467389955230152,0
-71.854431,60,242.541968,0.0,0
-71.467168,60,244.156338,0.0,0
-20.42493,16,244.740604,0.7557809489789646,0
-72.9222,60,246.461812,0.0,0
-71.983778,60,248.062319,0.0,0
-74.327727,60,249.609399,0.0,0
-23.11266,18,250.078484,0.7528507343061558,0
-71.140217,60,251.538307,0.0,0
-74.165376,60,252.978013,0.07785256327996372,0
-73.946442,60,254.435762,0.06931814470666034,0
-70.644866,60,255.874564,0.0,0
-72.240287,60,257.333084,0.10285716439585858,0
-71.452241,60,258.772317,0.0,0
-71.307821,60,260.270605,0.0,0
-72.604603,60,261.785394,0.0,0
-75.411761,60,267.770134,0.0,0
-72.174179,60,269.467689,0.0,0
-73.424682,60,271.087614,0.0,0
-72.163449,60,272.609116,0.017102382996002394,0
-73.537928,60,274.188601,0.0,0
-20.455542,15,274.594995,0.752283917387443,0
-72.486047,60,276.243275,0.06644767318324654,0
-26.14063,21,276.84924,0.7552179855508871,0
-72.478021,60,278.506957,0.0,0
-71.608714,60,280.022217,0.0,0
-21.580969,17,280.455145,0.7545151776215595,0
-72.343512,60,281.916121,0.0,0
-73.338511,60,283.383596,0.07735174094212022,0
-71.52782,60,284.853066,0.0,0
-73.903503,60,286.352078,0.0,0
-73.625126,60,287.837642,0.0,0
-72.834504,60,289.301886,0.0,0
-73.089232,60,290.940872,0.0,0
-73.882439,60,292.779705,0.0,0
-74.478094,60,294.380029,0.0,0
-74.228359,60,295.874213,0.0,0
-72.474735,60,297.55038,0.0,0
-73.770597,60,299.201281,0.0,0
-21.800823,17,299.632534,0.7640488110360292,0
-72.469878,60,301.179847,0.0,0
-20.48909,16,301.715288,0.7626276243118355,0
-72.195178,60,303.301403,0.07197318219002904,0
-72.501092,60,304.872071,0.0,0
-72.214906,60,306.524158,0.0,0
-72.894166,60,308.017608,0.0,0
-72.070995,60,309.54298,0.0,0
-19.309896,15,309.893938,0.7531190623599422,0
-73.760956,60,311.356104,0.0,0
-26.364052,22,311.938775,0.7534048371752377,0
-72.757807,60,313.344168,0.0,0
-72.421062,60,314.808702,0.0,0
-26.034883,21,315.32268,0.7564763280940315,0
-69.434533,60,316.879712,0.0,0
-74.363559,60,318.343999,0.0,0
-61.924129,49,324.463869,0.7529458157182655,0
-73.323253,60,326.014535,0.0,0
-73.714212,60,327.644855,0.0,0
-74.194151,60,329.469114,0.06663669864566671,0
-73.793653,60,331.247536,0.0,0
-25.056862,20,331.840572,0.7509681447476839,0
-74.501724,60,333.437898,0.009369760413537348,0
-73.384881,60,335.002661,0.0,0
-72.928656,60,336.499721,0.05233221960334708,0
-72.882571,60,338.036418,0.0,0
-72.566535,60,339.513354,0.0,0
-20.588651,16,339.910603,0.7531900847277367,0
-74.273853,60,341.395885,0.0,0
-72.568283,60,342.892978,0.06832970805543771,0
-71.267948,60,344.38377,0.0017504863522799772,0
-19.218297,15,344.764082,0.7560478330482179,0
-72.088339,60,346.243362,0.016594073098209785,0
-22.702942,18,346.67445,0.7583502282486712,0
-74.12991,60,348.21946,0.0,0
-74.576059,60,349.738665,0.12439969765740112,0
-71.953834,60,351.222066,0.0,0
-18.540992,14,351.638393,0.7521102329408077,0
-75.00102,60,353.1868,0.0,0
-22.42623,18,353.637483,0.7526008573097117,0
-74.139799,60,355.150338,0.10525007141108011,0
-21.367261,17,355.691884,0.7512156707947734,0
-21.820882,17,356.168451,0.7534578622628506,0
-71.6842,60,357.69753,0.0,0
-73.058193,60,359.251557,0.0,0
-72.20935,60,360.900922,0.0,0
-20.283905,16,361.310279,0.7507490329615665,0
-72.061279,60,363.307505,0.0,0
-72.802844,60,364.952722,0.0,0
-22.674609,18,365.437648,0.7561142250476898,0
-18.226142,14,365.770899,0.7630107123292607,0
-21.095338,17,366.34249,0.7546428520136126,0
-71.235412,60,368.002062,0.0,0
-18.3407,14,368.344059,0.7529839949267636,0
-72.586048,60,369.917783,0.0,0
-71.705181,60,371.46029,0.009787665480475303,0
-72.094454,60,372.981063,0.0,0
-71.935328,60,374.518688,0.05199487669326142,0
-75.123597,60,376.073752,0.0,0
-75.924919,60,383.638601,0.0,0
-73.004719,60,385.211429,0.0,0
-25.068699,20,385.788215,0.7564285926368893,0
-73.425666,60,387.820848,0.008176903163659781,0
-19.102176,15,388.395731,0.7604850240204759,0
-71.303003,60,390.320778,0.0,0
-74.252638,60,392.142161,0.0,0
-74.547803,60,393.693416,0.0,0
-73.697168,60,395.168831,0.021825425599902658,0
-17.761366,14,395.51563,0.7594307606846875,0
-71.112942,60,397.019039,0.0,0
-71.95147,60,398.458785,0.08915897500161747,0
-20.543244,16,398.856557,0.756467498037505,0
-21.636417,17,399.287022,0.757211296832558,0
-71.742805,60,400.824124,0.049044415404096604,0
-19.157698,15,401.19526,0.7569842156453264,0
-73.088777,60,402.717654,0.0,0
-17.913168,14,403.058138,0.7511207610970438,0
-70.379567,60,404.514286,0.0011947822648640423,0
-21.563493,17,404.935408,0.7535327844063819,0
-22.604563,18,405.529861,0.7537548801549486,0
-69.768358,60,407.353492,0.0,0
-70.524897,60,409.009568,0.0,0
-17.630811,14,409.412159,0.7597104315752261,0
-72.157006,60,410.951835,0.0,0
-74.914711,60,412.385544,0.0,0
-73.688824,60,413.85374,0.0,0
-21.939438,17,414.273786,0.7530848932183807,0
-73.155883,60,415.917936,0.0,0
-21.848898,17,416.313409,0.753288629482359,0
-73.663899,60,418.102073,0.0,0
-18.928505,15,418.456181,0.7579044350406927,0
-72.08612,60,419.848655,0.1680903830650754,0
-72.734319,60,421.249148,0.0464430493661239,0
-70.705156,60,422.682171,0.0,0
-72.590383,60,424.194144,0.0,0
-72.461785,60,425.725216,0.057975108550545655,0
-23.076867,18,426.187212,0.7592843959732837,0
-25.260066,20,426.728571,0.7519368976831172,0
-69.344082,60,428.275309,0.0,0
-23.052943,18,428.740746,0.7555262958539299,0
-20.559966,17,429.165905,0.765435025227708,0
-71.431178,60,430.64912,0.12176000219796092,0
-69.915635,60,432.133937,0.2327192080193468,0
-71.777355,60,433.636498,0.05045247988317412,0
-72.53259,60,435.122832,0.09915029779592545,0
-27.928741,21,441.102785,0.9400659636743364,0
-72.761707,60,442.551486,0.0,0
-72.674605,60,444.318731,0.0,0
-73.458816,60,446.170365,0.08754394380821516,0
-72.512789,60,447.998415,0.0,0
-22.019401,17,448.514355,0.7613483217325709,0
-74.369049,60,450.253336,0.0,0
-20.764137,16,450.687368,0.7622459150326127,0
-71.573192,60,452.275629,0.0,0
-19.844718,14,452.611533,0.7560934773134875,0
-70.23582,60,454.169559,0.05952170647210121,0
-18.562211,15,454.527217,0.7562158401476414,0
-18.622789,15,454.892276,0.7534579352205131,0
-70.344607,60,456.393203,0.11349211749033358,0
-22.704123,18,456.85775,0.7555124137139994,0
-70.428656,60,458.384688,0.0,0
-73.133481,60,459.859734,0.0,0
-71.553859,60,461.328379,0.06924215830070603,0
-73.231668,60,462.864204,0.012210965839411518,0
-68.804565,60,464.290451,0.10304462893479072,0
-68.429279,60,465.765913,0.0,0
-70.505609,60,467.257885,0.0,0
-21.892371,17,467.681623,0.7592911969279516,0
-19.220659,15,468.087724,0.7558103376362371,0
-16.615991,13,468.401319,0.7553094339508664,0
-71.879896,60,469.94329,0.15609337295331985,0
-70.976608,60,471.43457,0.024602817946331262,0
-69.854145,60,472.848889,0.07935877165069735,0
-70.202591,60,474.368075,0.0,0
-21.415246,17,474.803068,0.7547219101048305,0
-71.058044,60,476.261549,0.0,0
-22.649871,18,476.728164,0.7518958496745485,0
-21.77853,17,477.512009,0.7565251936954365,0
-17.974645,14,477.848607,0.7507142256849844,0
-71.950399,60,479.289868,0.004924784834057309,0
-17.517313,14,479.610386,0.7553708719948075,0
-17.596624,14,479.956488,0.7520205796910454,0
-70.079464,60,481.418619,0.1647713812969451,0
-72.01447,60,482.85292,0.0,0
-17.205768,13,483.160205,0.7596410140490616,0
-71.851946,60,484.670354,0.0,0
-70.487263,60,486.195832,0.0,0
-16.457851,13,486.509012,0.750619397694887,0
-16.522766,13,486.851957,0.7504469451206341,0
-19.189682,15,487.337104,0.7534923348011604,0
-72.24198,60,488.971835,0.0,0
-73.131745,60,490.499016,0.0,0
-72.880933,60,492.315761,0.08724727333882527,0
-74.499048,60,499.063178,0.0181863250261524,0
-71.329115,60,500.372149,0.18047279241865988,0
-70.930797,60,502.164805,0.0,0
-34.484791,25,502.914745,0.7528554569899476,1
-20.392245,17,503.505938,0.7557613341229837,0
-73.603955,60,505.266784,0.0,0
-19.486012,16,505.721661,0.7518712947060242,0
-70.781099,60,507.396567,0.0,0
-70.973413,60,508.894642,0.07567343260876455,0
-19.194467,15,509.29134,0.7563487657421154,0
-21.905514,17,509.711509,0.7551869633832321,0
-17.691024,14,510.068415,0.7505186593154174,0
-20.487235,16,510.463182,0.7531443779083039,0
-69.055655,60,511.85008,0.0,0
-69.412717,60,513.304994,0.0704394270257016,0
-18.254224,14,513.627216,0.7549242422971015,0
-70.81223,60,515.071522,0.11736351955104422,0
-70.799319,60,516.598266,0.0,0
-70.816258,60,518.05746,0.0,0
-71.139164,60,519.58182,0.0,0
-20.706605,16,519.975296,0.7570770193755489,0
-68.396475,60,521.449124,0.07120201054273749,0
-68.17439,60,522.935839,0.0,0
-18.413011,15,523.336366,0.7518400030981106,0
-70.608821,60,524.759047,0.024762479548016962,0
-70.067246,60,526.297165,0.06433361036207878,0
-69.71122,60,527.729189,0.17990920405386612,0
-25.376771,20,528.234685,0.7547084421575344,0
-20.936689,16,528.592468,0.7548833414993831,0
-70.236505,60,530.029494,0.12322661542857828,0
-15.09407,12,530.29532,0.7553136727880434,0
-70.20692,60,531.775456,0.0,0
-68.646823,60,533.258527,0.08248155174981622,0
-69.927296,60,534.802427,0.0,0
-75.556371,60,536.359606,0.0,0
-20.70038,16,536.808334,0.7520081793772095,0
-19.341496,15,537.180879,0.7560490139653352,0
-69.87083,60,538.642566,0.0,0
-20.676415,16,539.040252,0.7570976994918774,0
-17.618929,14,539.411691,0.7583517029088753,0
-16.536539,13,539.720633,0.7511029693113035,0
-18.889117,15,540.119053,0.7567340882654593,0
-69.391361,60,541.65488,0.0,0
-17.606075,14,542.014303,0.7536725020418836,0
-70.43599,60,543.538866,0.0,0
-20.879244,16,543.959639,0.7600552532290191,0
-70.316488,60,545.455202,0.05275275972141712,0
-70.239642,60,546.986432,0.0,0
-71.151891,60,548.37926,0.0,0
-31.249393,24,554.101188,0.7546054097619687,0
-18.706843,16,554.497995,0.7544330358430406,0
-20.381053,16,554.880551,0.7580830086519504,0
-16.149946,13,555.213156,0.7555231549422277,0
-21.439572,17,555.618485,0.7519379846041152,0
-69.236529,60,557.122446,0.05112711645772705,0
-17.575032,14,557.584992,0.7559438567105676,0
-70.289404,60,559.428506,0.0,0
-71.173373,60,561.067153,0.0020491570353198263,0
-70.830743,60,562.654436,0.15310660935646334,0
-70.716609,60,564.278845,0.0,0
-68.629603,60,565.860901,0.15887357985137598,0
-21.146259,17,566.291833,0.7518699414181408,0
-68.028708,60,567.769422,0.17935732628367881,0
-18.474247,15,568.126598,0.7580509999298205,0
-20.5336,16,568.527867,0.750074381301431,0
-21.72631,17,568.938127,0.7530603462386615,0
-20.106902,16,569.335061,0.7524418295950903,0
-68.825088,60,570.684366,0.0,0
-69.824208,60,572.113196,0.06886020436970439,0
-68.525088,60,573.611478,0.071195307697899,0
-69.261944,60,575.069677,0.0,0
-19.47075,15,575.441785,0.7546626926174571,0
-69.131282,60,576.905636,0.0,0
-68.987752,60,578.351535,0.0,0
-67.655661,60,579.857235,0.009593316967205516,0
-69.101514,60,581.469635,0.11675558712074428,0
-68.856412,60,583.087289,0.013864020751033669,0
-26.154094,21,583.660934,0.7526532777192239,0
-67.984385,60,585.283371,0.0024791525638845594,0
-68.859469,60,586.796704,0.0394257738640354,0
-68.347488,60,588.243835,0.04659602520316724,0
-16.470444,13,588.547622,0.7551888456237564,0
-17.579141,14,588.867653,0.7572798333620886,0
-17.483369,14,589.210704,0.7583619065606162,0
-69.677045,60,590.556257,0.0,0
-20.645487,16,590.94787,0.7555565627334688,0
-67.462737,60,592.332209,0.0658176241526234,0
-69.406306,60,593.624749,0.0,0
-67.76406,60,595.021134,0.1522691523223057,0
-20.856344,16,595.415011,0.7595001787457492,0
-68.527584,60,597.304409,0.0,0
-23.014703,18,597.763829,0.758068937138687,0
-19.680413,16,598.130884,0.7575318981702098,0
-68.012325,60,599.549757,0.0,0
-68.6418,60,600.957747,0.22121670423476075,0
-69.795663,60,602.399949,0.05219663496907508,0
-19.735824,15,602.748385,0.7550942417514569,0
-70.805481,60,609.481546,0.0,0
-70.076131,60,611.067141,0.008323849801437617,0
-68.967412,60,612.595903,0.0,0
-19.721734,15,612.94979,0.7591886571683658,0
-69.662138,60,614.534822,0.0,0
-70.561442,60,616.070677,0.0,0
-71.279906,60,617.70924,0.192084121808063,0
-69.652925,60,619.324523,0.04613810179379707,0
-67.790921,60,620.855713,0.055775854556626696,0
-16.618979,13,621.181849,0.7519505139431307,0
-15.274994,13,621.506606,0.7590752886663497,0
-70.236641,60,622.938318,0.14217635172589674,1
-19.330458,14,623.26538,0.7644933605860922,0
-19.447639,15,623.601256,0.7508068093111591,0
-24.087909,19,624.075678,0.7540043503968276,0
-24.858335,22,624.664957,0.753685216115036,0
-65.91757,60,626.083708,0.08888369344910138,0
-70.215795,60,627.500004,0.0,0
-68.017567,60,628.919558,0.0,0
-69.035549,60,630.899831,0.0552857132109627,0
-68.572659,60,632.53251,0.0,0
-19.641229,15,632.962465,0.7505687801748682,0
-69.669447,60,634.631093,0.06113696917483503,0
-16.500893,13,635.00469,0.7573343063284016,0
-19.204377,15,635.432025,0.7619337197193394,0
-69.602997,60,637.226149,0.0,0
-15.230101,13,637.74043,0.760729131315535,0
-68.871114,60,640.190458,0.0,0
-21.979954,17,640.803133,0.7601947544428097,0
-67.042604,60,643.150631,0.0,0
-17.537893,14,643.843932,0.7512550556834893,0
-69.412171,60,646.390282,0.0,0
-67.04664,60,649.002113,0.046737609400369765,0
-67.720835,60,651.11698,0.15806330597391688,0
-21.914758,17,651.742019,0.7560224634759051,0
-16.908744,13,652.176947,0.7596100803132118,0
-20.381036,16,652.801817,0.7652721947387869,0
-24.636143,20,653.525355,0.7513915560212104,0
-68.054485,60,655.595567,0.07389370901828081,0
-21.83776,17,656.153187,0.7514481511327848,0
-67.538535,60,658.646497,0.0,0
-67.911542,60,660.698441,0.04918429567342699,0
-67.88373,60,662.899851,0.04308432644114492,0
-21.353285,18,663.512024,0.7534361381063744,0
-69.064266,60,666.097293,0.0,0
-15.228833,12,666.593341,0.7613260470319765,0
-68.168183,60,668.757572,0.036822720065924644,0
-20.4548,16,669.372239,0.7570688836287193,0
-67.360641,60,671.648313,0.0028123538087233483,0
-70.992731,60,681.094368,0.0,0
-69.551,60,683.251182,0.0,0
-69.390462,60,685.524953,0.01764419191237374,0
-66.997748,60,687.753412,0.2285533627387191,0
-67.769214,60,690.582365,0.027769938394476106,0
-20.522372,16,691.36809,0.7632013043228629,0
-69.545182,60,693.808701,0.0,0
-71.041155,60,696.264451,0.0,0
-69.38982,60,699.008765,0.03071956314750015,0
-19.336493,15,699.629461,0.7514526387704902,0
-20.797115,16,700.220025,0.7514572506196626,0
-18.635914,15,700.770508,0.7584930775443683,0
-19.409047,15,701.350028,0.7522041098285922,0
-67.745478,60,704.014164,0.09107679359967603,0
-18.29794,14,704.610107,0.753666025875265,0
-67.558737,60,706.827472,0.022310738997188696,0
-67.313108,60,708.966663,0.11176349483076996,0
-68.119868,60,711.353702,0.013831303393404888,0
-68.39002,60,713.293182,0.1835171055962548,0
-21.185148,17,713.920977,0.7521596581491701,0
-19.848025,16,714.56868,0.752125678282653,0
-68.062965,60,716.928669,0.004850442162521433,0
-64.73152,60,719.35327,0.0,0
-16.252206,13,719.92883,0.7535174095424518,0
-68.342855,60,722.239762,0.0,0
-69.010286,60,724.170048,0.0,0
-67.902898,60,726.274031,0.19433166821571163,0
-68.195184,60,728.060945,0.09175979372965502,0
-66.923067,60,729.868041,0.046344756472279404,0
-66.559919,60,731.690451,0.04929077342846037,0
-68.295988,60,733.638717,0.0,0
-67.597421,60,735.561397,0.0,0
-68.921767,60,737.314179,0.0,0
-68.345514,60,739.095003,0.21600362009600843,0
-20.01592,16,739.558966,0.760312595837767,0
-67.585496,60,741.438233,0.0,0
-76.500278,60,743.359749,0.0,0
-69.281445,60,745.179931,0.06003936571246423,0
-17.868201,14,745.593484,0.7642965294990938,0
-70.156578,60,747.324215,0.062143925307109715,0
-73.576636,60,749.0562,0.0,0
-70.3906,60,750.710888,0.0,0
-54.246925,42,757.947759,0.7557535615500061,0
-69.453256,60,759.57717,0.0,0
-20.660954,16,760.104439,0.7522531301088458,0
-69.829117,60,761.854173,0.0,0
-68.464965,60,763.412153,0.024622752567415824,0
-69.834292,60,764.924076,0.0,0
-68.337026,60,766.429125,0.0,0
-69.028662,60,768.008258,0.07466023660256943,0
-20.507954,17,768.451964,0.7559448305181596,0
-16.415325,13,768.791834,0.7501644992247977,0
-67.986282,60,770.351934,0.001442146098558656,0
-69.285977,60,771.890536,0.0,0
-21.971715,17,772.333733,0.7504627976260142,0
-69.976142,60,773.839401,0.0,0
-15.168715,12,774.160659,0.7542960772688673,0
-65.881264,60,775.726505,0.0,0
-15.220612,12,776.051604,0.7555592668902011,0
-68.316782,60,778.251601,0.03558276154611775,0
-77.248954,60,779.970298,0.0,0
-68.054261,60,781.657479,0.07862405454957046,0
-67.720386,60,783.337098,0.12151520745795809,0
-69.355575,60,785.049127,0.10139913289277186,0
-69.828235,60,786.631207,0.003722804641480073,0
-72.540899,60,788.240168,0.0,0
-20.930815,16,788.70003,0.7562428924238837,0
-16.310414,13,789.066524,0.7548799053703454,0
-69.62791,60,790.729724,0.0,0
-69.255544,60,792.478096,0.0,0
-22.399075,17,792.936028,0.758541348750101,0
-14.179094,11,793.254175,0.7546474282382007,0
-69.709312,60,794.920402,0.1292067950492642,0
-68.052451,60,796.692893,0.0702169962277619,0
-69.089585,60,798.289301,0.1697278124278842,0
-17.50391,14,798.702345,0.7504120617091312,0
-68.008343,60,800.649891,0.09579143589056496,0
-66.651636,60,802.506417,0.004965180437021837,0
-27.846597,23,803.205294,0.7532469297416173,0
-21.076516,16,803.640738,0.7553943737362864,0
-66.497157,60,805.394617,0.0592608846053365,0
-68.652698,60,807.16519,0.14885125228804003,0
-16.528026,13,807.539789,0.7553642045800504,0
-16.864232,13,807.925159,0.7579781727656586,0
-68.540899,60,809.693775,0.027749779752790596,0
-67.381904,60,812.078736,0.01877362211064928,0
-68.66017,60,814.287311,0.03475992118533758,0
-47.116142,36,822.957829,0.752248721612183,0
-70.55852,60,825.279719,0.0,0
-69.913645,60,828.041635,0.0,0
-68.530551,60,829.835849,0.0,0
-15.221059,12,830.186522,0.758167245723205,0
-67.761303,60,832.024081,0.48887970793925556,0
-69.158221,60,833.793314,0.0,0
-71.098879,60,835.568677,0.0,0
-70.395486,60,837.359222,0.17014430940952657,0
-69.649397,60,839.013703,0.0,0
-70.201148,60,840.771143,0.0927820549230176,0
-68.350425,60,842.536081,0.04975175565137066,0
-68.304514,60,844.3053,0.14043505101208717,0
-18.455149,14,844.679946,0.7560802967841637,0
-68.941269,60,846.335971,0.04816027699396381,0
-18.590964,15,846.738535,0.7520753398659232,0
-77.187688,60,848.373165,0.0,1
-69.406951,60,850.272435,0.1179621804682125,0
-69.338916,60,851.865465,0.03823884068530049,0
-21.621882,18,852.369099,0.7546281737267375,0
-74.553959,60,854.09269,0.0,0
-15.409937,12,854.406597,0.7521063469697118,0
-68.992285,60,856.156256,0.0,0
-18.704272,15,856.557696,0.7544876397173201,0
-68.436089,60,858.269443,0.04208950861776573,0
-69.605322,60,859.968198,0.08492157334884413,0
-22.739325,18,860.466614,0.7558922444355076,0
-69.002614,60,862.244291,0.06979471279708076,0
-69.153437,60,863.982668,0.13573995354168808,0
-70.61231,60,865.809028,0.11876267521982425,0
-70.835336,60,867.527186,0.0,0
-22.567104,19,868.082486,0.7541287194904707,0
-18.623768,14,868.450941,0.7598999172751533,0
-69.445466,60,870.158495,0.0,0
-74.38958,60,871.813904,0.0,0
-67.328413,60,873.568574,0.0,0
-70.925163,60,875.244325,0.2287482430271829,0
-33.310775,29,876.108534,0.7540421046919406,0
-16.324956,13,876.451463,0.7531462386074991,0
-70.566053,60,878.234501,0.10836774974661084,0
-70.952932,60,879.946006,0.0,0
-15.328145,12,880.272084,0.7582678799083374,0
-76.628221,60,888.396642,0.0,0
-18.256601,15,888.784866,0.7546065507916625,0
-19.627422,15,889.277682,0.755848301125012,0
-19.478743,16,889.76277,0.7515091948155457,0
-69.525808,60,891.652408,0.0,0
-19.31337,15,892.160501,0.7538900220566608,0
-20.509679,16,892.639696,0.7503210967195412,0
-17.649397,14,893.124809,0.7539286027707874,0
-69.525089,60,895.096761,0.0,0
-72.036768,60,897.155447,0.026175117371163834,0
-70.546554,60,899.259256,0.16904274391206797,0
-70.914231,60,901.282674,0.07802906296933981,0
-23.767231,20,901.963413,0.7512924658724895,0
-70.810726,60,904.080002,0.1730416746964641,0
-70.273961,60,906.250147,0.0,0
-69.999201,60,908.24338,0.0,0
-71.972756,60,910.078601,0.0,0
-70.745412,60,912.040574,0.0,0
-15.2242,12,912.359811,0.7503374656628314,0
-71.05023,60,914.151375,0.0,0
-17.58129,14,914.516232,0.7635943647364521,0
-19.355746,15,914.95618,0.754102850487516,0
-71.346777,60,916.766226,0.07667470273562114,0
-20.333327,16,917.22784,0.758784362793985,0
-69.906632,60,919.006333,0.0,0
-69.931111,60,920.832735,0.12624377574935383,0
-70.669337,60,922.621965,0.06644698495953374,0
-70.611799,60,924.545333,0.05440466577501468,0
-67.929799,60,926.349025,0.5051169006245346,0
-19.874057,16,926.811857,0.7533636516320383,0
-15.197681,12,927.173761,0.7524163418238923,0
-17.352843,14,927.57079,0.7544892762428952,0
-71.297488,60,929.343811,0.04366113081112872,0
-15.58323,12,929.690834,0.7500829269011647,0
-16.34711,13,930.06227,0.7533149221735611,0
-70.605163,60,931.752778,0.0,0
-20.521637,16,932.226555,0.7566825866193319,0
-71.209788,60,933.914033,0.08308265602396357,0
-70.538348,60,935.579758,0.0,0
-69.906427,60,937.295918,0.0,0
-21.965173,17,937.802965,0.7582973776373341,0
-70.623084,60,939.501323,0.012483493933558286,0
-17.384683,14,939.893495,0.7515099576401922,0
-69.521726,60,941.548014,0.03050715860827022,0
-17.445332,14,941.890763,0.765517967241212,0
-29.786185,25,942.598041,0.7501029041678922,0
-69.844728,60,944.338914,0.09205134477570734,0
-70.936096,60,946.038014,0.013967830296896772,0
-20.612016,16,946.462045,0.7500791591858819,0
-23.172236,19,947.001558,0.7510480419974476,0
-70.84865,60,948.633993,0.09271530309989966,0
-45.545971,34,956.257754,0.7583116970469833,0
-72.292511,60,958.535768,0.02203489770300583,0
-70.603835,60,960.915803,0.0,0
-71.663566,60,963.011995,0.0,0
-71.284558,60,965.099799,0.07056064616550732,0
-69.841331,60,967.366773,0.0,0
-18.908095,13,967.759482,0.7586955325147545,1
-71.269733,60,970.026508,0.1608643787695611,0
-16.302237,13,970.465042,0.7546597049388543,0
-21.654359,17,971.11603,0.7584748829888478,0
-19.851113,15,971.689841,0.7587610149456115,0
-20.683583,16,972.263464,0.7620148304731584,0
-71.712778,60,974.399181,0.0,0
-16.616534,13,974.886635,0.7525527544065617,0
-71.530474,60,977.256962,0.0,0
-70.852284,60,979.553377,0.0,0
-70.484593,60,981.617688,0.3017374015502863,0
-69.601643,60,983.599779,0.0,0
-15.686079,12,983.935589,0.7504802518275682,0
-69.211814,60,985.826063,0.005900691005654359,0
-70.735262,60,988.078542,0.0,0
-16.206097,13,988.56055,0.7603206989549876,0
-74.966916,60,990.802928,0.0,0
-18.748048,15,991.320368,0.7500553491912133,0
-71.185663,60,993.33414,0.0,0
-70.272193,60,995.253866,0.11151878444391197,0
-69.914594,60,997.120862,0.14630299914489647,0
-70.713798,60,999.260842,0.0,0
-16.750572,13,999.703787,0.7578985665046228,0
-18.375584,15,1000.245682,0.7572217613099714,0
-17.65813,14,1000.674799,0.751255027608806,0
-70.963835,60,1002.752481,0.0025946088577582455,0
-70.411511,60,1004.570354,0.12455735616812827,0
-15.613025,12,1004.909394,0.7540954556373186,0
-19.512884,16,1005.408749,0.7523963055286871,0
-16.175307,13,1005.851812,0.7515763260180565,0
-69.295723,60,1007.764498,0.15793439689902855,0
-71.011846,60,1009.546204,0.07785379117987871,0
-70.147274,60,1011.311573,0.0,0
-71.239045,60,1013.200301,0.0,0
-17.315604,14,1013.667895,0.7549086853500864,0
-70.979505,60,1015.42192,0.06530937686150486,0
-22.882159,18,1015.986988,0.7522412874683466,0
-20.823172,16,1016.450308,0.7534989853416749,0
-70.345445,60,1018.255241,0.0,0
-69.915616,60,1020.011842,0.03423156823362675,0
-71.336136,60,1021.726925,0.12061446026359263,0
-15.306667,12,1022.114725,0.7589961218739926,0
-65.512398,51,1030.087355,0.7555938862766877,0
-16.267538,13,1030.690328,0.7527976937988871,0
-18.795831,15,1031.321744,0.7518947237515745,0
-20.87305,16,1031.821327,0.7507151300344986,0
-70.287226,60,1033.992896,0.0,0
-69.976718,60,1035.890858,0.007035970075492163,0
-71.268792,60,1037.701641,0.015120947226595755,0
-20.702932,16,1038.181106,0.7507796401676275,0
-19.53301,15,1038.646429,0.7575268796576275,0
-74.7557,60,1040.465568,0.0,0
-16.531197,13,1040.837191,0.7549373248848235,0
-70.802681,60,1042.453565,0.0,0
-71.189687,60,1044.151997,0.060657249534221754,0
-70.635503,60,1045.816901,0.0,0
-15.146065,12,1046.167643,0.7566903405651195,0
-70.115364,60,1047.875953,0.0,0
-70.981759,60,1049.509729,0.06880940187065164,0
-70.903358,60,1051.316997,0.0,0
-71.211819,60,1052.969844,0.0,0
-19.527751,15,1053.445943,0.7533580491878012,0
-69.265103,60,1055.335716,0.0,0
-19.203742,15,1055.897247,0.7510826535944466,0
-20.723564,17,1056.376169,0.7592010752377163,0
-70.321514,60,1058.443464,0.0,0
-70.103821,60,1060.488392,0.05934866013061778,0
-71.163197,60,1062.373268,0.0,0
-20.777444,16,1062.871473,0.7506829380864227,0
-71.2453,60,1064.727979,0.24281574726155375,0
-25.603773,22,1065.399747,0.7514218493480175,0
-70.991958,60,1067.182979,0.03367746534078084,0
-70.217428,60,1068.873309,0.05402038471335489,0
-19.262415,15,1069.281057,0.7510555607408861,0
-70.176988,60,1071.054927,0.0,0
-70.479729,60,1072.957159,0.08627270924538383,0
-70.653101,60,1074.717705,0.0,0
-70.530445,60,1076.423099,0.0,0
-70.371876,60,1078.218952,0.27156824507648125,0
-16.47288,13,1078.579137,0.7536445611349243,0
-20.651068,16,1079.020114,0.7537672943082373,0
-69.780901,60,1081.041614,0.10953382160899516,0
-70.755558,60,1083.213667,0.11944879633078297,0
-20.178622,16,1083.904316,0.7536122773495969,0
-69.378558,60,1087.064576,0.0819084404353421,0
-70.372929,60,1090.119319,0.1882317516871976,0
-19.732739,15,1090.802156,0.7580528307404659,0
-71.437441,60,1093.774398,0.031919629420543,0
-24.328214,20,1094.767818,0.7553787131849461,0
-56.464258,44,1105.826001,0.7510805969000507,0
-70.291474,60,1108.710463,0.0,0
-15.325658,12,1109.255047,0.7507279011896311,0
-16.538576,13,1109.791566,0.7537983803498846,0
-71.473988,60,1113.016984,0.05257732074688244,0
-70.657374,60,1116.015485,0.11683566713023628,0
-20.721506,16,1116.718283,0.7518968445963565,0
-16.875421,13,1117.282885,0.753028655706779,0
-70.17998,60,1120.264374,0.09481541935556768,0
-70.879691,60,1123.052938,0.0,0
-75.105364,60,1126.142299,0.0,0
-19.314891,15,1126.837602,0.752901270634857,0
-71.398114,60,1129.834912,0.005180539270908799,0
-18.187792,14,1130.559226,0.7553488734616576,0
-70.261302,60,1133.019286,0.0,0
-70.134536,60,1135.568182,0.07437594128414247,0
-19.0612,15,1136.175558,0.7587028806628637,0
-70.931173,60,1140.613197,0.0,0
-70.137089,60,1143.778156,0.0,0
-69.629468,60,1146.980813,0.02888877349071194,0
-69.969379,60,1150.09624,0.0,0
-20.705696,16,1150.824572,0.7528797840034565,0
-71.039097,60,1153.979138,0.0,0
-70.481741,60,1157.362963,0.0,0
-70.849203,60,1159.708334,0.0,0
-69.639851,60,1162.179712,0.13341198591695927,0
-25.241348,20,1163.003929,0.7548636568326905,0
-69.775714,60,1165.526854,0.0,0
-21.861027,17,1166.41061,0.7519964248080458,0
-18.756401,15,1167.017114,0.7583450074151035,0
-70.153624,60,1169.821875,0.16965680688867618,0
-15.29448,12,1170.338913,0.7543802165056419,0
-20.184329,17,1171.208706,0.7501857600937327,0
-70.32939,60,1174.168675,0.0,0
-70.79836,60,1176.563212,0.0,0
-17.480272,14,1177.073123,0.7540084030570681,0
-71.186765,60,1179.456258,0.16053396159553898,0
-18.260075,14,1179.98154,0.7616401894362086,0
-20.672116,16,1180.506934,0.750382800861792,0
-19.497632,15,1181.033718,0.7630490582697171,0
-16.784679,13,1181.452661,0.7572342529025308,0
-21.767272,17,1182.013202,0.7520940252321036,0
-69.334455,60,1184.370174,0.0,0
-20.472741,16,1184.870173,0.7553529643743347,0
-70.41749,60,1186.73436,0.07959670214675185,0
-15.179425,12,1187.078401,0.7505148716340779,0
-69.256163,60,1188.950985,0.0,0
-17.179505,13,1189.330669,0.7502864670608183,0
-70.554568,60,1191.667782,0.0,0
-20.482066,16,1192.186414,0.755281021045368,0
-19.913336,16,1192.708229,0.7507452711543078,0
-22.735768,18,1193.28162,0.7531344422873303,0
-16.358752,13,1193.648037,0.7547902543076219,0
-61.079043,48,1201.961964,0.7528382966552316,0
-70.351661,60,1203.810434,0.0,0
-70.685249,60,1205.931614,0.0,0
-22.193991,17,1206.444099,0.7554545487357204,0
-17.612411,14,1206.896217,0.7564773770393665,0
-71.180391,60,1208.863941,0.12151213384117956,0
-18.779512,15,1209.2761,0.7607778208395483,0
-70.861754,60,1211.156494,0.13069676113962572,0
-18.001465,14,1211.584955,0.7513974040094906,0
-15.351586,13,1211.978955,0.7556141468750603,0
-69.819205,60,1213.902913,0.3540091402098205,0
-71.219554,60,1215.63011,0.0,0
-70.472163,60,1217.870871,0.10373431964939217,0
-70.67139,60,1219.830392,0.18981375786213184,0
-20.80104,16,1220.339655,0.7530460919759758,0
-70.280185,60,1222.202297,0.0,0
-69.890652,60,1224.213587,0.02049436410251624,0
-71.343836,60,1226.622826,0.0,0
-70.207973,60,1228.909996,0.1817738292457065,0
-17.829016,14,1229.395308,0.7506850281745787,0
-69.822922,60,1231.6747,0.05074016057569716,0
-71.073514,60,1234.299234,0.0,0
-71.05892,60,1236.901229,0.0,0
-16.161638,13,1237.432708,0.7606365583043821,0
-25.840313,22,1238.333866,0.7503284180641636,0
-73.860805,60,1240.66275,0.0,0
-70.725687,60,1242.670365,0.05329579913695927,0
-21.379016,17,1243.210016,0.752827465303037,0
-70.190961,60,1245.200087,0.0,0
-32.810845,28,1246.136621,0.7535618849447262,0
-25.851853,21,1246.826468,0.7519325053752223,0
-21.918634,17,1247.400989,0.7635128364783734,0
-70.683188,60,1249.257402,0.0,0
-17.310435,13,1249.653525,0.7547010421847091,0
-70.724388,60,1251.584532,0.06463570700717405,0
-70.016554,60,1253.454696,0.0,0
-71.340396,60,1255.516421,0.04068256782115441,0
-20.640575,17,1256.114915,0.7586987874212425,0
-16.392281,13,1256.490117,0.7527310612219622,0
-20.517437,16,1256.976944,0.7527699165019331,0
-25.043732,20,1257.613183,0.7522627577862465,0
-22.078071,17,1258.163257,0.7540011841865059,0
-19.835811,15,1258.730759,0.7507740304702417,0
-70.175804,60,1260.64326,0.07276152168346156,0
-19.682148,16,1261.160531,0.751559949524212,0
-70.324608,60,1262.957766,0.03428637685510257,0
-70.478057,60,1264.771863,0.12173252465801315,0
-70.459184,60,1266.515903,0.0,0
-70.692805,60,1268.285745,0.03434656305503984,0
