#{"t_start": 1716896914.966024, "env_id": "None"}
r,l,t,num_wraps,c
-337.40014,100,3.046238,0.0,0
-347.884751,100,6.087802,0.0,0
-354.105121,100,8.914794,0.0,0
-331.584202,100,11.733444,0.0,0
-330.286193,100,14.758945,0.0,0
-366.510721,100,17.90626,0.0,0
-337.548948,100,20.746661,0.0,0
-336.41379,100,23.793063,0.0,0
-344.798092,100,26.655724,0.0,0
-353.328526,100,29.645129,0.0,0
-328.066373,100,32.916229,0.0,1
-330.079841,100,35.976596,0.0,0
-331.752775,100,39.638289,0.0,0
-324.466824,100,43.198442,0.0,0
-357.199889,100,46.898965,0.0,0
-341.645426,100,49.936796,0.0,0
-356.086065,100,53.016886,0.0,0
-329.165849,100,56.237553,0.19918129601522594,0
-316.263647,100,59.407667,0.0,0
-342.8894,100,62.463657,0.0,0
-354.816209,100,65.730596,0.0,0
-328.808332,100,69.01203,0.0,0
-333.955556,100,72.29531,0.0,3
-346.163454,100,75.364572,0.0,8
-355.304753,100,78.458553,0.0,0
-291.763346,100,82.104272,0.0,0
-331.138277,100,85.471438,0.0,8
-364.399851,100,88.748872,0.0,0
-320.078369,100,92.421839,0.26976083543026474,1
-358.498047,100,95.742076,0.0,6
-332.196372,100,99.44124,0.07969189256142489,8
-361.827821,100,103.414732,0.0,6
-297.361189,100,107.239512,0.0,0
-356.5912,100,110.489715,0.0,5
-328.987768,100,113.50074,0.1778741333111534,2
-341.554993,100,116.717296,0.0,8
-339.009743,100,120.190938,0.0,3
-308.200969,100,123.847743,0.0,0
-318.656658,100,127.675656,0.0,0
-305.873113,100,131.404131,0.0,1
-322.174233,100,136.472498,0.0,0
-331.950238,100,142.677915,0.0,7
-305.832583,100,148.035452,0.0,0
-308.589862,100,154.017781,0.0,0
-313.208283,100,158.107,0.0,0
-309.037303,100,161.55916,0.0,0
-305.250513,100,165.45428,0.0,0
-273.442623,100,168.855412,0.0,0
-295.531397,100,172.296658,0.0,1
-301.541472,100,175.482525,0.0,0
-314.049627,100,213.160841,0.0,0
-298.671948,100,217.770298,0.0,0
-306.632709,100,221.101554,0.0,0
-309.955189,100,224.164524,0.0,0
-295.263026,100,228.286382,0.0,0
-316.773909,100,231.687042,0.0,0
-303.77089,100,235.899569,0.0,0
-259.835475,100,239.418446,0.24497316697921545,0
-296.542737,100,242.669997,0.0,0
-299.714001,100,245.737249,0.0,0
-305.63626,100,249.198732,0.0,0
-306.009393,100,252.945493,0.0,0
-302.183146,100,257.10409,0.0,0
-312.042938,100,260.993365,0.0,0
-301.763577,100,264.617519,0.011762840216139079,0
-238.325239,100,268.365334,0.0,0
-304.446565,100,272.5499,0.0,0
-305.64354,100,276.646443,0.0,0
-228.418445,100,280.790753,0.761890475695396,0
-293.967606,100,284.790941,0.0,0
-311.615554,100,288.370058,0.0,0
-303.281236,100,292.207999,0.0,0
-297.991302,100,296.139715,0.0,0
-234.030499,100,300.177496,0.0,0
-178.872038,100,303.878209,0.5754015478290708,0
-310.122993,100,307.10539,0.0,0
-255.883078,100,310.733401,0.0,0
-306.945007,100,314.117604,0.0,0
-292.475929,100,318.042806,0.921912555420575,0
-220.371993,100,322.222547,0.0,0
-314.241508,100,326.024142,0.0,0
-294.817816,100,329.460114,0.8668705926005286,0
-302.12575,100,332.944477,0.0037427264663576687,0
-161.178611,100,336.806997,0.9768459561566354,0
-308.259939,100,340.058289,0.05359785595228502,0
-295.80863,100,343.603475,0.0,0
-295.421145,100,347.47051,0.2571010888736937,0
-196.880157,100,351.36543,0.9479831175770721,0
-191.696886,100,355.728543,0.6394775421669288,0
-184.374716,100,359.721089,0.4186552808275184,0
-310.891474,100,363.469011,0.3955915743167719,0
-212.447473,100,367.185,0.6127724844795386,0
-303.13637,100,370.648701,0.0,0
-301.567461,100,374.54734,0.0,0
-188.340241,100,378.416839,0.6001230554278412,0
-300.864921,100,382.127232,0.12177536597416076,0
-249.336531,100,385.945739,0.040292048999606256,0
-299.428097,100,389.524378,0.07537017171341921,0
-189.006232,100,393.057329,0.6066483327196553,0
-148.061999,100,396.462762,0.9396607288163458,0
-296.15502,100,428.214227,0.0,0
-185.541979,100,432.758126,0.6670019324592027,0
-303.096345,100,437.354848,0.42930612223557524,0
-304.359094,100,441.471943,0.0,0
-306.462846,100,445.647997,0.0,0
-298.734904,100,450.313323,0.0,0
-289.253189,100,455.128071,0.0,0
-305.890793,100,459.824639,0.0,0
-195.13137,100,464.62087,0.8225920244105184,0
-115.271071,100,469.723509,1.930877239395349,0
-309.054297,100,474.100647,0.0,0
-177.580243,100,479.074252,0.6826734747780859,0
-198.359559,100,484.249821,0.6939762945401928,0
-300.964987,100,488.936198,0.0,0
-301.817075,100,493.128546,0.05709286989211211,0
-194.081764,100,497.704187,0.8279198593128704,0
-163.607334,100,501.942946,0.8338112471573518,0
-301.888963,100,506.568018,0.0,0
-186.855139,100,510.725739,0.8019802052162756,0
-150.058701,100,514.675125,1.005493589609873,0
-307.001245,100,518.341704,0.0,0
-214.304826,100,522.429098,0.6676811870610548,0
-293.754402,100,525.89431,0.0,0
-159.754625,100,529.765825,0.9739394101382776,0
-172.457305,100,533.642075,0.8813137731979087,0
-300.166797,100,537.395843,0.0,0
-304.501511,100,541.407391,0.0,0
-168.309312,100,546.274263,0.8308691098476157,0
-161.331576,100,551.136666,0.9142393113239949,0
-173.562375,100,555.478533,0.9016372288862401,0
-151.760493,100,560.194195,0.994091294213578,0
-159.034569,100,564.955636,0.9552802673930392,0
-161.220493,100,570.484388,0.8811857855196497,0
-165.553935,100,575.757177,0.9206591095481937,0
-138.142937,100,581.315305,0.9663253981630904,0
-127.613482,100,587.543217,1.055651697457495,0
-162.209256,100,594.277784,0.8592419487130424,0
-156.785682,100,600.027248,0.9329328670758078,0
-145.402692,100,606.242359,0.9670160186198711,0
-296.009006,100,611.030373,0.0,0
-158.302796,100,616.098253,0.8741839272775795,0
-175.276981,100,621.273124,0.8120557059316874,0
-172.161729,100,626.917035,0.8659492425304589,0
-299.637152,100,631.764511,0.0,0
-134.095932,100,637.334645,1.0401977989477311,0
-151.524552,100,643.036796,0.9501866796326511,0
-224.259671,100,648.585816,0.517698570876389,0
-160.681712,100,653.51019,0.9279814175027047,0
-139.652811,100,658.482169,0.9769877210271192,0
-298.354529,100,663.481471,0.04620336730675185,0
-296.593249,100,699.077397,0.0,0
-136.900242,100,704.854798,0.9790936093063158,0
-91.768796,86,710.187991,1.6815582533351725,0
-300.903888,100,715.631337,0.0,0
-145.614034,100,721.663368,0.9999871275131691,0
-305.527718,100,726.590058,0.0,0
-139.768308,100,731.820922,1.0562720191400576,0
-139.561552,100,737.309544,0.9824968470392234,0
-264.539971,100,742.661373,1.7463872710776873,0
-307.32473,100,748.2507,0.0,0
-145.045349,100,754.022517,0.881499752782851,0
-298.226266,100,759.058344,0.45746291849860754,0
-254.559563,100,764.20936,0.9160919058944015,0
-301.461738,100,769.144342,0.0,0
-166.915333,100,774.833814,0.9513947959114262,0
-200.587341,100,780.388117,0.7778318925959732,0
-165.374999,100,785.840418,0.8522628669198938,0
-295.251541,100,790.849908,0.0,0
-138.57578,100,796.277022,1.0165920553268561,0
-50.973944,39,798.077445,1.840477043550444,0
-293.920208,100,802.918435,0.0,0
-292.866311,100,807.433456,0.01161101013425809,0
-140.644833,100,812.345137,0.9704529775934106,0
-295.648294,100,816.681332,0.0,0
-164.685832,100,821.478366,0.9647099214257306,0
-298.720765,100,825.576139,0.004505351277581261,0
-167.534442,100,830.314351,0.8556291676565226,0
-295.080378,100,834.368018,0.07217236106319669,0
-128.543437,100,838.657635,1.0434589920561714,0
-83.465784,72,841.626238,1.0330821672185484,0
-126.472369,100,845.847078,0.9547339403865516,0
-113.615353,100,850.087845,1.041286318174783,0
-293.899784,100,854.059764,0.0,0
-145.05201,100,858.543748,0.9453666626437568,0
-153.960412,100,862.810789,0.8990733436570145,0
-302.09682,100,866.725347,0.0,0
-293.603943,100,870.571245,0.16841585848213225,0
-297.164667,100,874.521474,0.0,0
-297.777434,100,878.455613,0.017567064240753306,0
-297.272227,100,882.434838,0.0,0
-131.895847,100,886.891687,0.9861656446422763,0
-297.737474,100,890.698583,0.014893107206505168,0
-141.167087,100,894.861618,0.9605987669260715,0
-105.600455,85,898.440379,0.9922989409862045,5
-95.555962,74,901.523156,1.0335003258905155,0
-299.175093,100,905.293195,0.0,0
-295.951206,100,908.993071,0.0,0
-294.221261,100,912.724304,0.0,0
-135.224499,94,916.644019,0.963604150846078,0
-148.710149,100,921.087297,0.9331543509392566,1
-308.242203,100,925.385789,0.0,5
-301.631941,100,956.755702,0.0,0
-77.416353,60,959.9261,0.948580330347701,0
-294.474042,100,964.613037,0.05853353816861272,0
-142.231474,99,969.166497,0.8900935898212051,0
-295.168608,100,973.345963,0.0,0
-98.064637,78,976.897312,0.9549584519509311,0
-75.929868,61,979.66877,0.9308074652369623,0
-93.676516,70,982.832447,0.9666374256115955,0
-83.446881,65,985.892493,0.9647360224363153,0
-127.082312,82,989.641019,0.9517893182940301,0
-303.547459,100,993.874927,0.03034749375926728,3
-294.148785,100,998.091758,0.0,0
-107.928267,73,1001.532061,0.8610949796531092,0
-87.843305,57,1004.085469,0.8378159827008472,0
-296.066587,100,1008.055509,0.0,0
-298.836353,100,1012.023151,0.0,0
-59.493418,43,1013.860263,0.8907107376391846,1
-69.558435,56,1016.283981,0.9898142161509829,2
-77.987315,52,1018.552511,0.8444981349892952,0
-293.39809,100,1022.615698,0.028052325441657533,0
-290.652598,100,1026.605444,0.12156836651916679,0
-292.111996,100,1030.50031,0.024812164116100918,0
-62.125651,39,1032.115407,0.8574356885105315,0
-297.993433,100,1036.06909,0.0,0
-298.45053,100,1040.060049,0.0,0
-298.096923,100,1044.110239,0.00549650055246444,0
-62.360402,41,1045.92298,0.9457448485018932,3
-61.207782,39,1047.528847,0.9068976902359374,0
-297.293304,100,1051.378912,0.11128136264953642,0
-292.980976,100,1055.340507,0.13483676945295625,0
-298.387064,100,1059.217804,0.0,0
-58.501279,38,1060.758035,0.9350647030188959,0
-277.134533,100,1065.104562,0.24379773689115375,0
-76.224048,44,1066.94655,0.8493790585221517,0
-76.076336,42,1068.846631,0.9406460104916476,4
-297.192139,100,1073.370886,0.022795573544397034,0
-296.862238,100,1077.2323,0.07401430811408809,0
-59.771356,37,1078.811529,0.9658266536419259,0
-299.998211,100,1082.749143,0.03725538196885459,0
-66.125285,41,1084.415876,0.9154966279974892,3
-48.156232,29,1085.599311,1.6788854863746934,0
-302.935229,100,1089.475072,0.08909766756415585,9
-46.934375,32,1090.814194,0.8944981870313511,0
-293.657184,100,1094.672037,0.021384118707816754,0
-290.119881,100,1098.601017,0.002533913297861892,0
-51.396325,32,1099.904321,1.076856112973611,0
-56.355715,32,1101.165442,1.009000498318686,2
-299.269598,100,1105.15605,0.0,0
-46.706561,31,1106.457839,0.8665186762909909,0
-62.695277,35,1107.977526,0.9056154388302803,0
-46.377694,30,1109.201129,0.9453188870648379,0
-52.494726,31,1110.481268,0.8473758488994549,0
-265.360944,100,1114.554573,0.0,0
-293.584173,100,1118.643507,0.08365925840738572,0
-53.702894,32,1120.000407,0.9829147240382455,0
-49.500935,30,1121.238469,1.0754752620696049,0
-296.19139,100,1125.220215,0.024162277378229804,0
-299.571751,100,1129.208137,0.01604361606432769,0
-60.670472,39,1130.823232,0.9420052070721788,5
-56.216873,33,1132.202818,0.8680374914956372,0
-294.555307,100,1136.304961,0.02662665927415687,0
-62.793493,32,1137.668886,0.9126693341069683,0
-65.521437,31,1139.024651,0.7500483314961669,0
-295.685077,100,1143.068745,0.0,0
-292.910854,100,1147.502645,0.07508512641916346,0
-297.502761,100,1151.303371,0.08429395715237947,0
-64.419582,37,1152.820786,0.7792915773402938,0
-54.313808,30,1154.019953,0.8514910481417726,0
-297.371951,100,1157.879371,0.06446667650934207,0
-293.014231,100,1161.850045,0.0,0
-290.560842,100,1191.332286,0.0,0
-293.265291,100,1195.754431,0.0,0
-294.559982,100,1199.770399,0.0,0
-50.635257,31,1201.107398,0.9108001833477904,0
-59.680045,34,1202.554126,0.8514053563338417,0
-289.697905,100,1206.66746,0.02347536335568259,0
-298.825261,100,1210.582494,0.0,0
-298.880323,100,1214.882282,0.0,0
-50.507354,30,1216.147477,0.902557321112477,0
-65.699482,37,1217.803683,0.8555334083644216,0
-299.206844,100,1221.909581,0.1122225884456715,0
-58.960178,37,1223.528069,0.8663271257174574,0
-295.030409,100,1227.595427,0.0,0
-300.90823,100,1231.559901,0.556223531040245,0
-294.801953,100,1235.521193,0.0,0
-299.251239,100,1239.531748,0.0,0
-55.59397,31,1240.852073,0.8734190161696066,0
-297.277349,100,1244.811799,0.18808889656574962,0
-40.079652,28,1245.987654,1.4835463122023878,0
-52.856811,33,1247.444676,0.9731897257211197,0
-285.993126,100,1251.437578,0.8794254124839973,0
-56.386549,31,1252.756945,0.9234661566039193,0
-56.995649,37,1254.286854,0.9293432038471519,0
-49.826336,30,1255.528244,0.9373092167599535,0
-298.188976,100,1259.360187,0.0,0
-301.546324,100,1263.002197,0.0,0
-293.002485,100,1266.832624,0.0,0
-54.033459,31,1268.058925,1.0511822123189627,0
-294.473485,100,1272.286432,0.262307410966888,1
-56.998383,34,1273.689709,0.8387617999097071,0
-46.490416,27,1274.770407,0.9867917346272347,0
-257.491409,100,1278.605587,0.891914597885682,0
-300.266489,100,1282.371359,0.0,0
-297.849035,100,1286.144731,0.0,0
-290.824247,100,1289.901751,0.0,0
-64.63619,34,1291.216475,0.7971133182496918,0
-300.023241,100,1294.835975,0.0,0
-55.327693,32,1296.138741,0.8553933645709653,0
-295.719174,100,1299.814379,0.0,0
-294.29889,100,1303.553129,0.0,0
-295.056217,100,1307.333165,0.26381195812690234,0
-298.848802,100,1311.018608,0.0,0
-47.31673,28,1312.156168,1.0230886025826238,0
-64.333391,31,1313.413726,0.7845763156860824,0
-301.309704,100,1317.044443,0.0,0
-57.291017,31,1318.369989,0.8962636946838727,0
-296.785959,100,1322.047974,0.0,0
-60.027596,34,1323.405078,0.9113744960014357,0
-294.496965,100,1327.059909,0.0,0
-45.552279,28,1328.139581,1.0565582427866838,0
-298.622641,100,1331.791918,0.0,0
-44.546554,29,1332.905823,0.9706980184134401,0
-54.613861,31,1334.11407,0.9260759698107728,0
-294.194241,100,1337.851567,0.021982884137164354,0
-292.933345,100,1341.594342,0.0,0
-298.426748,100,1345.479448,0.0,0
-300.337289,100,1349.268106,0.0,0
-58.365617,31,1350.505658,0.8760967988367454,0
-295.400154,100,1354.156062,0.0,0
-41.401548,29,1355.307565,0.9360913226732331,0
-297.275506,100,1358.967621,0.0,0
-281.704436,100,1362.896045,0.0,0
-294.736458,100,1366.692741,0.030195866522230354,0
-299.212181,100,1370.554166,0.0,0
-46.495528,28,1371.668223,1.0429130619333071,0
-285.759491,100,1375.744746,0.07250068546993275,0
-47.337369,28,1376.852672,1.0098055826235144,0
-298.13917,100,1380.66011,0.0,0
-52.800708,31,1381.919855,1.0114218999664595,0
-62.269304,32,1383.222308,0.8170572979772489,0
-298.493226,100,1412.14366,0.2718102491895064,0
-295.576554,100,1416.678099,0.1285803341218476,0
-51.743694,28,1417.816152,0.833654707503809,0
-291.220866,100,1421.744811,0.0,0
-53.073599,31,1422.958151,1.010998802662725,0
-52.759044,29,1424.137541,0.900121357724979,0
-50.819425,30,1425.344986,1.0622693199301017,0
-296.294682,100,1429.103224,0.0,0
-58.539873,33,1430.459897,0.7740346583944782,0
-60.686451,31,1431.710992,0.8041562002889554,0
-58.3716,29,1432.845824,0.7901027213834381,0
-46.555974,26,1433.880006,0.8307212581361268,0
-295.824048,100,1437.875593,0.3817129164855013,0
-294.595282,100,1441.935208,0.0,0
-291.596617,100,1445.833411,0.012865532886958488,0
-46.061705,29,1446.982183,1.0184298107238101,0
-48.005614,30,1448.182697,1.0533406627892752,0
-291.821058,100,1452.19313,0.0,0
-52.565867,31,1453.37319,1.060386838620293,0
-292.655267,100,1457.298988,0.0,0
-47.62828,30,1458.572498,0.9793875519907391,0
-291.533696,100,1462.64229,0.0,0
-290.546349,100,1466.629705,0.0,0
-298.157231,100,1470.479342,0.06308171837092016,0
-255.20604,100,1474.203997,0.2934961048682066,0
-276.717899,100,1478.234605,0.0,0
-56.48212,32,1479.518986,0.9346980758851257,0
-300.567706,100,1483.396203,0.0,0
-289.422834,100,1487.463568,0.06857386446893574,0
-52.703416,31,1488.746905,1.0359972398532427,0
-45.950959,30,1489.997723,0.9831743274906829,0
-294.127395,100,1493.870946,0.0,0
-48.998407,30,1495.07062,1.0145618124630542,0
-66.342,35,1496.52064,0.7856301009144743,0
-49.362454,30,1497.738218,1.0753012861102578,0
-293.068019,100,1501.581067,0.004600410070926249,0
-50.880421,32,1502.836333,1.150113072460277,0
-59.99866,37,1504.351893,1.0077223672286693,0
-295.521523,100,1508.217255,0.0,0
-51.727368,32,1509.556247,0.9974252241375772,0
-297.433434,100,1513.212223,0.20763969910667765,0
-309.627031,100,1516.920106,0.0,0
-51.116614,32,1518.126793,0.985135740949264,0
-49.304994,31,1519.301656,1.0792987246987187,0
-295.221386,100,1522.997888,0.027106629793038718,0
-48.789571,30,1524.135794,0.8217205249464551,0
-50.063879,31,1525.382503,0.8721072467691349,0
-285.481788,100,1529.128238,0.01195065284232685,0
-59.730787,34,1530.491195,0.7637125165416733,0
-56.75024,30,1531.633837,0.8664165535432434,0
-294.896331,100,1535.326337,0.0,0
-59.13252,32,1536.515801,0.8992337574642154,0
-53.902966,32,1537.751961,0.9245716283646941,0
-291.644628,100,1541.493811,0.0,0
-290.43934,100,1545.21261,0.0,0
-306.447944,100,1548.824792,0.025723163846312555,0
-215.072088,100,1552.218261,0.0,0
-296.017882,100,1555.850247,0.0,0
-292.64901,100,1559.59641,0.0,0
-66.102165,36,1561.099608,0.8990149714572155,0
-290.517232,100,1565.052149,0.04068456452076442,0
-45.219615,28,1566.190234,1.09527119435174,0
-289.149719,100,1570.059696,0.008439722172653779,0
-290.679688,100,1573.71818,0.1047724359584577,0
-293.260133,100,1577.347834,0.02972425367591093,0
-53.530436,33,1578.582279,1.1118599618027991,0
-279.704065,100,1582.134851,0.21972565509987155,0
-58.914438,32,1583.353769,0.8508790808151437,0
-291.545774,100,1587.120256,0.0,0
-47.850257,30,1588.297759,0.84952747607026,0
-303.53648,100,1591.961842,0.0,0
-54.789348,31,1593.220695,0.8823556365939814,0
-52.400784,34,1594.600939,0.9520591405256902,0
-285.706468,100,1598.410031,0.05640641109405726,0
-293.557445,100,1629.015067,0.2645160449774647,0
-47.568863,28,1630.188035,0.8900122502069582,0
-289.182394,100,1634.618858,0.0,0
-288.512026,100,1638.77003,0.04041856984532652,0
-298.449753,100,1642.607798,0.0,0
-289.624726,100,1646.594487,0.11403089901538428,0
-287.434158,100,1650.752537,0.09375120044376456,0
-66.777655,35,1652.183938,0.9011238113622478,0
-51.393491,31,1653.389476,1.0791860368094746,0
-288.469728,100,1657.48064,0.0,0
-51.411475,30,1658.69252,1.0744773977300182,0
-292.086305,100,1662.878752,0.0,0
-287.378584,100,1667.096662,0.037224402412780314,0
-294.44248,100,1671.033408,0.0,0
-289.152439,100,1675.056545,0.04477889163924544,0
-287.301085,100,1678.974039,0.06431525680274065,0
-292.088168,100,1682.912397,0.037069874261760415,0
-287.880307,100,1686.838981,0.11713471212476406,0
-68.731869,38,1688.412798,0.9012367085005585,0
-290.532254,100,1692.432807,0.028067927573760136,0
-315.962787,100,1696.144421,0.0,0
-308.727887,100,1700.015062,0.0,0
-59.300639,35,1701.395791,0.9587469877257584,0
-303.052154,100,1705.024098,0.0,0
-127.069277,70,1707.675343,0.9300367894502362,0
-314.084751,100,1711.199333,0.0,0
-289.174005,100,1714.964094,0.0,0
-288.778483,100,1719.020983,0.06490782089035527,0
-290.637815,100,1723.076369,0.030899703336859895,0
-287.404292,100,1726.975672,0.08113471223493599,0
-287.831033,100,1730.859146,0.022575753875695236,0
-288.207542,100,1734.356892,0.0,0
-314.962287,100,1737.868695,0.0,0
-288.615137,100,1741.516642,0.1012382868311528,0
-285.411199,100,1745.180145,0.10110291005719665,0
-290.064405,100,1748.850187,0.03871458944028895,0
-303.105984,100,1752.28344,0.0,0
-287.91599,100,1755.87474,0.1374818800877394,0
-286.82693,100,1759.374648,0.08714116899035199,0
-314.671737,100,1762.951017,0.0,0
-284.06055,100,1766.739062,0.0713818914023648,0
-285.858706,100,1770.557039,0.11331823594213415,0
-297.233955,100,1774.141404,0.0,0
-291.897256,100,1777.9489,0.027832618444765193,0
-313.948124,100,1781.496807,0.0,0
-285.952406,100,1785.261775,0.1055430865793432,0
-311.354471,100,1788.816818,0.056350301933337774,0
-294.511393,100,1792.501568,0.17148283838618109,0
-310.1188,100,1796.077844,0.0,1
-87.266942,42,1797.63118,1.8038569374990294,0
-299.212565,100,1801.305827,0.09500071056812193,0
-291.842149,100,1805.029028,0.0,0
-293.187932,100,1808.656053,0.0,0
-296.201796,100,1812.441742,0.0,0
-305.534739,100,1816.338524,0.0,0
-287.592662,100,1845.599641,0.0,0
-65.708156,34,1847.240259,0.8642675826086017,0
-304.057438,100,1851.847808,0.0,0
-291.986539,100,1855.715822,0.038238017439452675,0
-290.864648,100,1859.583318,0.0742195379535861,0
-53.444318,32,1860.840194,0.9323882510248219,0
-294.127239,100,1864.608618,0.13560611504601125,0
-292.796595,100,1868.536074,0.10153070180438674,0
-289.600401,100,1872.482515,0.03928343413209236,0
-61.234011,35,1873.892806,0.9454574019294815,0
-305.863594,100,1877.893303,0.0,0
-299.009802,100,1881.743585,0.0,0
-292.656765,100,1885.593357,0.0,0
-291.632901,100,1889.575726,0.0,0
-292.198637,100,1893.29875,0.04178089169504763,0
-296.369103,100,1897.083013,0.0,0
-289.987419,100,1900.871897,0.0617938626422947,0
-303.374837,100,1904.544759,0.17477975725028017,0
-289.035603,100,1908.301022,0.10288440763221571,0
-298.207389,100,1912.017399,0.0,0
-305.107899,100,1915.516359,0.11251112902874456,0
-296.114225,100,1919.408826,0.0,0
-293.893549,100,1923.243502,0.0,0
-290.495207,100,1926.876589,0.16918732881456142,0
-307.211878,100,1930.390139,0.23327757132370944,0
-308.565564,100,1933.845237,0.0,0
-309.275975,100,1937.350111,0.0,0
-117.752017,61,1939.569982,1.088681952165229,0
-295.124477,100,1943.197714,0.0,0
-299.718988,100,1946.70641,0.0,0
-293.327622,100,1950.384645,0.0,0
-303.051549,100,1953.919233,0.0,0
-298.638497,100,1957.453033,0.0,0
-285.623654,100,1960.875494,0.0,0
-295.401224,100,1964.627963,0.0,0
-294.864836,100,1968.426628,0.0,0
-54.37834,32,1969.738312,0.9918016009526511,0
-308.938063,100,1973.586695,0.0,0
-298.714147,100,1977.322105,0.0,0
-300.240046,100,1981.098228,0.015155609079602022,0
-57.421516,35,1982.47524,0.8541699070706266,0
-57.047055,34,1983.843942,0.9186529089049533,0
-301.423404,100,1987.516821,0.0,0
-145.495785,73,1990.434442,0.8797952848857956,0
-298.605149,100,1994.019822,0.11341780950610182,0
-294.657501,100,1997.669361,0.007521366204010253,0
-306.928941,100,2001.239256,0.0,0
-227.174142,85,2004.277654,0.9521632074253435,1
-68.441849,36,2005.711609,0.9345973492016946,0
-295.521742,100,2009.502498,0.05732014040942523,0
-306.249205,100,2013.292456,0.0,0
-296.424174,100,2016.880668,0.04100372427257956,0
-294.941522,100,2020.454972,0.0,0
-286.547661,100,2023.978165,0.0,0
-290.682069,100,2027.436042,1.1823690653494299,1
-292.352841,100,2031.314029,0.0,2
-310.857262,100,2057.967143,0.0,0
-304.496648,100,2062.25438,0.0,0
-301.949003,100,2066.093798,0.0,0
-306.881362,100,2069.828806,0.0,0
-57.274799,31,2071.110077,0.7885066253128353,0
-299.698161,100,2074.90076,0.0,0
-302.803386,100,2078.739136,0.0,0
-301.936687,100,2082.447507,0.0,0
-303.04505,100,2086.141493,0.0,0
-302.148912,100,2090.001728,0.0,0
-301.415985,100,2093.732973,0.0,0
-298.191736,100,2097.372334,0.0,0
-303.251487,100,2101.058422,0.0,0
-54.823578,31,2102.303957,0.8710506154343264,0
-61.150032,34,2103.628711,0.8066878883326509,0
-57.666318,32,2104.896676,0.9266369359032347,0
-294.001335,100,2108.649642,0.018027994393850298,0
-298.72457,100,2112.175667,0.1368560932830641,0
-292.664375,100,2115.745796,0.0,0
-294.188905,100,2119.420999,0.0,0
-301.786999,100,2122.944823,0.0,0
-296.367064,100,2126.425825,0.0,0
-301.036425,100,2130.047427,0.021406288892592447,0
-268.283455,100,2133.86238,0.016989148697893062,1
-295.513536,100,2137.432288,0.0,0
-305.852873,100,2141.052499,0.0,1
-299.231096,100,2144.588319,0.031580429314731304,0
-282.17955,100,2148.412053,0.3410012781046488,1
-298.109813,100,2151.971698,0.0,2
-306.689705,100,2155.478848,0.0,0
-308.341411,100,2158.992857,0.002746472880312678,0
-296.062707,100,2162.681294,0.003418818038600863,1
-296.938486,100,2166.210598,0.0,0
-58.224992,31,2167.361047,0.774444418682093,0
-52.729918,31,2168.554638,0.8234192390355172,0
-291.762879,100,2172.307884,0.0,0
-297.306799,100,2175.933142,0.0,0
-294.285104,100,2179.530455,0.0,0
-287.031505,100,2183.68126,0.0,0
-61.540689,32,2184.9268,0.8997754091548807,0
-296.348313,100,2188.763096,0.0,1
-46.793463,29,2189.863201,0.8178843400056104,0
-291.095222,100,2193.586455,0.0,0
-291.604517,100,2197.279802,0.0,0
-41.835876,27,2198.294844,0.9731432677853485,0
-295.080168,100,2201.91077,0.0,0
-302.908491,100,2205.554648,0.05776222375055118,8
-300.943406,100,2209.185714,0.0,1
-50.98508,30,2210.321735,0.9355727556468179,0
-300.068033,100,2213.832425,0.05797655989444828,0
-275.194853,100,2217.541801,0.03269634539604854,1
-308.808268,100,2221.103735,0.05178177705947509,1
-306.189935,100,2224.745283,0.0,0
-46.765179,27,2225.710954,0.9234402521482756,0
-306.643322,100,2229.596271,0.0,0
-49.613668,29,2230.730389,1.0896172824368038,0
-297.506238,100,2234.62619,0.0,0
-299.67467,100,2238.307544,0.0,0
-313.87152,100,2267.880309,0.0,1
-49.838128,29,2269.107835,0.9719981788099017,0
-55.14101,32,2270.668345,0.885449813114242,0
-295.643019,100,2275.280879,0.0,0
-301.086284,100,2279.13548,0.0,0
-53.851214,30,2280.278001,1.006062031317071,0
-300.924363,100,2284.177078,0.0,1
-43.330573,27,2285.324659,1.1233867068688441,0
-299.376286,100,2289.142568,0.0,0
-295.543257,100,2292.869006,0.01918848657584585,0
-297.587682,100,2296.62687,0.0,0
-293.639121,100,2300.62884,0.0,0
-47.434868,29,2301.721914,1.043173213274848,0
-52.146168,30,2302.930767,1.0114809828523457,0
-314.480555,100,2306.615265,0.0,1
-56.997944,34,2307.950418,1.0081371766692182,0
-52.311756,30,2309.134989,0.9738170438516073,0
-202.231257,74,2311.944533,0.7504889031286767,0
-301.81759,100,2315.528175,0.0,1
-301.585856,100,2318.964709,0.0,0
-44.623063,28,2320.026098,0.839355294366634,0
-52.004965,29,2321.078871,0.9707933613786616,0
-52.126738,30,2322.194549,0.9190237004824221,0
-299.958856,100,2325.675127,0.0006388650438110494,1
-305.056409,100,2329.213687,0.5697741015495222,9
-95.272615,43,2330.794079,0.7757482060865463,0
-54.982521,32,2332.025263,0.8962899676776219,0
-53.535719,30,2333.173031,0.8522193204341972,0
-299.266248,100,2336.82903,0.019032765300737664,4
-58.709454,31,2338.002152,0.8024932632596945,0
-285.061405,100,2341.705267,0.0,0
-304.432743,100,2345.215424,0.0,0
-301.120555,100,2348.88994,0.0,3
-299.158197,100,2352.337352,0.0,0
-58.594281,31,2353.437885,0.8806830575744072,0
-49.915548,29,2354.496725,0.909381531494557,0
-311.633933,100,2357.980677,0.0,3
-300.955732,100,2361.389718,0.0,0
-308.204499,100,2364.852788,0.040259550445887145,0
-42.69907,27,2365.793458,1.470550069428441,0
-46.029799,29,2366.82049,0.9852892758338644,0
-297.747898,100,2370.132692,0.0,0
-318.976514,100,2373.466616,0.004221882096521745,7
-52.38103,29,2374.4981,0.8487466541752103,0
-291.869044,100,2378.03515,0.0,0
-295.619542,100,2381.738556,0.0022509769018365113,0
-48.839158,29,2382.822365,0.8977196599924844,0
-50.311705,29,2383.895229,0.9306302279166097,0
-303.259204,100,2387.476202,0.0,0
-61.912381,33,2388.734864,0.8704663330730346,0
-48.949294,30,2389.848163,1.0205518420647428,0
-53.785739,30,2391.015356,0.8754374748171388,0
-110.936367,53,2392.914454,1.0052505901807538,0
-312.250969,100,2396.442689,0.13588243106171582,2
-297.798794,100,2400.024058,0.0,0
-47.283217,29,2401.117909,0.9275657926368884,0
-310.68885,100,2404.584056,0.0,0
-305.382294,100,2408.120282,0.04982165695646116,0
-49.617606,28,2409.111346,0.8734311710490708,0
-319.951256,100,2412.670109,0.0,1
-52.925828,30,2413.792772,0.9422393206880396,0
-309.60149,100,2417.355721,0.0,1
-312.890665,100,2420.855048,0.0,1
-313.01646,100,2424.423037,0.0,0
-281.071456,100,2428.294053,0.5683181847739444,0
-51.802786,30,2429.424139,0.7996878439773024,0
-311.313179,100,2432.814359,0.0,0
-315.337083,100,2436.260308,0.0,0
-308.779706,100,2439.701675,0.0,0
-55.481323,30,2440.798672,0.8147291519607526,0
-57.713116,32,2442.004254,0.8730066738038155,0
-289.785735,100,2445.729446,0.042130468124850086,0
-48.613583,28,2446.812918,0.8993664244044213,0
-57.444572,33,2448.033613,0.9360193597879868,0
-299.66722,100,2477.467591,0.5426201168789455,0
-304.913074,100,2481.831296,0.02147683267098561,4
-53.108909,29,2483.020524,0.8551273764921864,0
-53.13272,29,2484.189106,0.9306410607801654,0
-51.777346,30,2485.391567,0.8880879728616321,0
-301.674824,100,2489.10012,0.0,3
-44.988439,27,2490.134204,1.031990933033291,0
-310.351268,100,2493.810444,0.0,0
-51.41596,27,2494.892414,0.8305535352838761,0
-309.982867,100,2498.628009,0.0,0
-301.070874,100,2502.056913,0.003594826042443453,0
-46.650217,27,2503.018747,0.9600136640008066,0
-45.729619,26,2503.951614,0.8435749130139935,0
-44.410309,27,2504.94308,1.0509146940649452,0
-302.476536,100,2508.761689,0.06612821403412711,0
-43.823971,28,2509.815638,0.9876561566955916,0
-52.235399,29,2510.888183,1.0165249331395918,0
-49.804911,29,2511.905804,1.0053246940753882,0
-50.273147,30,2513.068334,0.9819207459542648,0
-310.85955,100,2516.723041,0.029281909389254342,9
-45.98187,29,2517.751359,0.9908766141982058,0
-46.668533,29,2518.828605,0.8983423667286009,0
-298.294855,100,2522.312514,0.0,1
-301.020146,100,2525.946173,0.0,3
-298.720462,100,2529.368594,0.0,0
-45.027881,27,2530.380213,1.0306106182695736,0
-51.710329,30,2531.486225,0.8462842806480373,0
-297.902266,100,2534.977263,0.0,0
-45.211552,27,2536.016514,1.049010247067335,0
-302.40818,100,2539.456388,0.05599628632980241,0
-295.084452,100,2543.121554,0.0,0
-45.567529,26,2544.096271,0.9425720260977372,0
-313.677017,100,2547.609739,0.0,0
-41.103585,26,2548.566787,0.9498069360820433,0
-48.496115,28,2549.594203,0.9803827449777963,0
-311.437494,100,2553.086835,0.0,0
-42.2829,26,2554.036717,0.9184842436718222,0
-57.140107,30,2555.144006,0.8714083844516008,0
-49.636127,29,2556.271292,0.998309122844706,0
-48.060259,28,2557.261493,1.0667276963835823,0
-308.951903,100,2560.64642,0.01791704580081504,4
-37.916889,25,2561.529699,1.3232696504002428,0
-303.385185,100,2564.902371,0.1228804149873204,0
-297.403682,100,2568.285692,0.08362505133458137,2
-49.354993,29,2569.371288,0.869953898154012,0
-47.430264,29,2570.417832,0.8683378294997246,0
-310.606644,100,2573.846222,0.02367993188799794,0
-297.774863,100,2577.44344,0.0,0
-54.938018,31,2578.593294,0.7503137662415185,0
-297.237681,100,2582.197917,0.1359167614518038,0
-37.920305,23,2582.999063,1.71172398715398,0
-52.186859,31,2584.151251,0.8995409665772122,0
-304.399388,100,2587.561776,0.0,0
-310.552026,100,2591.079106,0.025903595692214936,1
-48.215771,28,2592.135901,0.908462880311825,0
-308.515023,100,2595.512684,0.0498534541293093,0
-311.327903,100,2599.115205,0.0,0
-43.013219,26,2600.039864,0.9987787257498997,0
-295.76345,100,2603.682048,0.008061421204450225,3
-50.798163,29,2604.81021,0.8712027082629543,0
-60.656952,34,2606.10777,0.7859668325365257,0
-46.401641,28,2607.137785,0.8587657372403376,0
-52.244263,29,2608.268855,0.8963871672658681,0
-42.855329,27,2609.268442,1.0108538063332089,0
-313.959979,100,2612.786107,0.0,0
-290.248732,100,2616.512836,0.6431319996326974,0
-50.276669,29,2617.571721,0.8440667247636684,0
-46.580025,27,2618.553893,1.039173047054888,0
-40.801359,25,2619.492832,0.9539457277520343,0
-46.035446,28,2620.531917,1.018439122261329,0
-48.67691,28,2621.547739,1.0779933250068303,0
-310.137878,100,2625.009044,0.04818044120601931,0
-295.912526,100,2628.529707,0.0,0
-306.060223,100,2631.941861,0.0,0
-43.289363,27,2632.954736,1.0196492389056553,0
-309.580609,100,2636.390793,0.0,0
-47.712268,28,2637.502772,0.8757782484754996,0
-313.150879,100,2641.11578,0.0,0
-45.264568,28,2642.144629,0.9703801848650376,0
-58.680907,32,2643.292701,0.9214329044033888,0
-289.612078,100,2646.958605,0.5680490140746899,0
-295.597254,100,2650.562453,0.0903523537093056,0
-314.724759,100,2653.991839,0.0,1
-58.90591,32,2655.228109,0.7920031933310987,0
-316.944985,100,2684.015526,0.0,0
-50.657987,29,2685.493088,0.9836183500548344,0
-36.668468,23,2686.450798,1.639362193855553,0
-51.139128,29,2687.726031,0.8258511502527294,0
-44.734853,27,2688.854358,1.1104070141281988,0
-48.200421,28,2689.841143,0.9573557887492181,0
-43.951361,27,2690.904241,1.000364812582146,0
-42.507708,27,2691.965261,0.9621476694921717,0
-44.074485,27,2693.001069,1.0406482555144385,0
-61.242229,32,2694.274956,0.9285110134977862,0
-316.231602,100,2697.85468,0.02849025886629478,4
-41.053466,25,2698.841431,1.0274514464110533,0
-54.501312,31,2700.014184,0.8616743983827045,0
-59.762982,32,2701.296194,0.8822286630935504,0
-55.218467,29,2702.431387,0.9477810280115249,0
-88.988132,42,2704.094812,0.7724374704399503,0
-282.520171,100,2707.863295,0.6888698022707285,0
-314.761087,100,2711.436988,0.018700477514537,2
-40.974539,25,2712.494944,1.02893081099785,0
-42.837013,25,2713.502196,0.9767645632844904,0
-49.738118,29,2714.626418,0.8451383866821157,0
-315.204144,100,2718.221913,0.0,5
-313.999241,100,2721.820409,0.0,1
-43.992826,27,2722.860968,0.881530420583531,0
-308.815273,100,2726.489024,0.0,7
-321.864151,100,2729.969348,0.0,6
-300.1306,100,2733.543337,0.0,2
-44.536921,28,2734.612813,0.8559235083831058,0
-304.93352,100,2738.349585,0.03503999602104292,4
-308.832861,100,2741.884681,0.04446369701814871,3
-52.383463,30,2743.021049,0.9356663573260148,0
-308.910132,100,2746.622633,0.07078098571044016,3
-38.056497,25,2747.51317,1.544601849575239,0
-52.696347,31,2748.699348,1.0201138563054737,0
-49.682803,29,2749.807366,0.8507650487680682,0
-306.75534,100,2753.34402,0.01262042106569594,5
-302.787289,100,2756.814304,0.06739807566486826,4
-43.726281,29,2757.876622,1.0008857550653,0
-52.889286,31,2759.054547,0.9434910363955413,0
-288.483804,100,2762.50478,0.1213250923782384,1
-296.511969,100,2766.066451,0.0,3
-46.620811,27,2767.064893,0.9419657552029475,0
-43.968192,28,2768.039561,1.0370050945369298,0
-61.045165,33,2769.213528,0.9322180996420731,0
-296.810043,100,2772.704075,0.0,5
-53.34777,30,2773.819859,0.9064881956732832,0
-37.975046,24,2774.611207,1.5204579587938538,0
-312.315614,100,2777.831628,0.0,4
-50.064079,28,2778.871986,0.8532639641208614,0
-312.558723,100,2782.190967,0.0,2
-52.004263,29,2783.264712,0.9271359718365448,0
-308.250942,100,2786.650331,0.04467001869858318,9
-306.251177,100,2789.992067,0.0,4
-303.123722,100,2793.416876,0.0,4
-307.91899,100,2796.931905,0.0,2
-310.023835,100,2800.53448,0.0,5
-45.141867,28,2801.592656,1.0471351272719989,0
-300.631374,100,2805.121824,0.04821491988664268,1
-314.694488,100,2808.651777,0.0,4
-59.256293,32,2809.877793,0.942275018753257,0
-309.474403,100,2813.502593,0.0,4
-280.87532,100,2817.404921,0.5480776085422987,0
-49.340553,29,2818.494339,0.8602324897752724,0
-304.058294,100,2822.20478,0.0,6
-48.353147,29,2823.283078,0.9706752478966467,0
-52.323164,30,2824.388852,0.7868883569922798,0
-315.04075,100,2827.818553,0.0,0
-297.589699,100,2831.48223,0.0134843587907261,1
-300.045286,100,2834.852943,0.027943404448689424,1
-44.568537,27,2835.825756,0.8605073370889866,0
-314.893653,100,2839.270584,0.0,4
-311.15981,100,2842.585456,0.0,3
-42.116845,26,2843.566542,1.0774669573364184,0
-44.116669,27,2844.578065,0.882350377146041,0
-302.12573,100,2848.168426,0.0,0
-306.160107,100,2851.87311,0.0,3
-47.340219,29,2852.928114,1.0130046819639227,0
-303.321843,100,2856.387342,0.03931394536804493,1
-307.136611,100,2859.875278,0.0,6
-37.174337,23,2860.724468,1.4016658165479183,0
-315.459461,100,2889.271775,0.0,3
-305.509281,100,2893.712319,0.0,6
-291.28947,100,2897.820628,0.4465686787943949,0
-306.23931,100,2901.352324,0.0,4
-312.035009,100,2904.99431,0.0,2
-301.060944,100,2908.715507,0.0,2
-300.909123,100,2912.596229,0.0,0
-316.128194,100,2916.210984,0.0,4
-47.501615,28,2917.364853,0.9159116679557803,0
-301.790998,100,2921.098826,0.0,1
-262.732174,100,2925.547545,0.4812581347004178,0
-313.787185,100,2929.118845,0.0,0
-287.004806,100,2932.968022,0.031099388504391312,0
-55.448714,31,2934.159278,0.8568565970648773,0
-296.337899,100,2937.789487,0.00625025270851992,3
-300.46118,100,2941.233775,0.0,1
-45.270176,27,2942.277547,0.8252677729890056,0
-297.254054,100,2945.845594,0.0,0
-62.402521,34,2947.15706,0.7955802693584444,0
-59.183247,32,2948.371108,0.9870740336706216,0
-53.558197,29,2949.469563,0.8499133011963428,0
-311.354413,100,2952.998229,0.0,0
-306.341121,100,2956.351054,0.04054908075618735,3
-295.561375,100,2959.780078,0.05257900638932155,0
-47.996876,29,2960.838448,0.8672419800832475,0
-49.567997,29,2961.876039,0.8914229648087785,0
-276.017365,100,2965.398862,0.03399367401520248,0
-310.546332,100,2968.677917,0.0,1
-44.702309,27,2969.668196,0.8762497894277691,0
-300.344987,100,2973.041494,0.0,3
-304.25388,100,2976.31309,0.09131795953748588,1
-57.373573,32,2977.525089,0.967602798705256,0
-46.004378,29,2978.592951,0.8446184489320638,0
-48.112978,29,2979.600937,0.9381418018130965,0
-54.304754,30,2980.689053,0.9126937437872281,0
-52.478728,30,2981.815449,0.9396080201143733,0
-52.107103,31,2982.943991,0.8617448489377185,0
-311.842997,100,2986.233271,0.0,0
-44.556369,27,2987.243046,0.9312910794848438,0
-308.857368,100,2990.53585,0.0,0
-44.678526,27,2991.507418,0.9722406938811234,0
-55.892364,31,2992.631451,0.8065458373178573,0
-295.067937,100,2996.008274,0.2014940762906497,1
-289.780564,100,2999.523029,0.10228787516248357,0
-312.636665,100,3002.890457,0.0,2
-306.308053,100,3006.275285,0.0,0
-51.766565,28,3007.397755,0.7683701826152617,0
-307.118076,100,3010.825639,0.0,0
-45.356675,27,3011.837038,0.9051040031303507,0
-299.675184,100,3015.415867,0.0,0
-49.646627,30,3016.51529,0.8178375179517882,0
-59.457011,32,3017.729414,0.9542556490403802,0
-269.682312,100,3021.624946,0.031203134117758886,3
-49.275959,30,3022.723463,0.9510213744148076,0
-308.651674,100,3026.180331,0.0,8
-240.458252,100,3030.281871,0.4633327819695401,0
-307.916717,100,3033.768689,0.0,0
-53.663556,31,3034.949219,0.827951865186168,0
-315.19172,100,3038.339065,0.0,5
-309.481147,100,3041.744304,0.0,0
-42.924866,28,3042.789796,0.9310679055032238,0
-47.886692,29,3043.871819,0.935903634598298,0
-50.254996,29,3044.980227,1.0733141335122431,0
-54.938153,31,3046.12795,0.93814910317193,0
-296.861125,100,3049.788246,0.0,0
-309.030408,100,3053.291017,0.0,4
-301.132479,100,3056.843515,0.0,1
-50.606928,31,3058.016584,0.8993094550063115,0
-283.72348,100,3061.917606,0.01847822031300213,0
-309.309362,100,3065.373215,0.0,0
-307.783383,100,3094.335907,0.0,1
-54.342429,29,3095.503913,0.9135631907967605,0
-45.284982,27,3096.759547,0.9409399174438311,0
-300.790266,100,3100.815425,0.0,2
-41.900053,26,3101.860604,0.8277189288486413,0
-297.360636,100,3105.647647,0.060784998631503245,0
-303.435158,100,3109.409535,0.03287347508887286,8
-298.638235,100,3113.052421,0.09337555727596347,0
-46.376855,28,3114.146912,0.9813513481171005,0
-59.056121,32,3115.441528,0.8631906488696184,0
-121.159552,63,3117.935869,0.8680324325586168,1
-310.429581,100,3121.497174,0.0,0
-57.272914,30,3122.646981,0.7503985030893713,0
-41.244429,28,3123.7565,0.9729138729181872,0
-247.669951,100,3127.971044,0.550602326318283,1
-314.17032,100,3131.485525,0.0,5
-308.776871,100,3135.038404,0.0,0
-297.23215,100,3138.741139,0.0,0
-53.684615,31,3139.969909,0.8326649918660928,0
-54.192056,31,3141.169073,0.9202902738586839,0
-296.402172,100,3144.690649,0.009114466370958668,1
-297.765639,100,3148.144503,0.0,1
-50.135847,29,3149.249418,0.9714057817987086,0
-297.499367,100,3152.855743,0.0,1
-46.546366,29,3153.886176,0.9514825037689651,0
-44.725685,26,3154.840938,1.0414583257725856,0
-57.924512,31,3156.00281,0.9002391621295632,0
-299.549064,100,3159.537446,0.04014209526601336,0
-51.68028,29,3160.625288,0.9973602433846012,0
-301.552856,100,3164.31467,0.011326442418820824,2
-302.782829,100,3167.93549,0.0,0
-44.858279,27,3168.917901,1.0099734745015472,0
-296.185929,100,3172.512561,0.0050481093561610116,0
-298.182679,100,3175.999936,0.02750978828022782,0
-44.497669,29,3177.079936,0.873741422534504,0
-51.685676,30,3178.215651,0.9034204052047178,0
-304.008422,100,3181.748708,0.0,0
-299.252982,100,3185.105844,0.0629751319744173,2
-48.140076,28,3186.168882,1.0158118870221127,0
-309.876667,100,3189.502279,0.0,0
-47.474977,28,3190.572168,0.8371278018485097,0
-157.157795,72,3193.223393,0.7895320641020733,1
-93.115407,46,3194.952196,0.8062476690076383,0
-302.618109,100,3198.395675,0.0,0
-267.205143,100,3202.480533,0.7008120558389085,5
-311.437296,100,3205.81425,0.0,0
-296.264046,100,3209.468657,0.028644894864965145,0
-48.357456,29,3210.522605,1.0944137772461215,0
-60.431694,31,3211.688426,0.9010646391810238,0
-56.296405,31,3212.866897,0.9143056332410578,0
-54.59556,30,3213.984966,0.9418663842070125,0
-86.011274,41,3215.598129,0.7665592141802119,0
-54.253392,30,3216.742967,0.9059113765063014,0
-301.791268,100,3220.266812,0.0,0
-55.612149,31,3221.451176,0.9152908950056743,0
-283.365688,100,3225.12126,0.0,2
-50.125002,29,3226.243041,0.8314774471538195,0
-59.249456,32,3227.468183,0.77211738146288,0
-310.836906,100,3230.737605,0.0,0
-293.327592,100,3234.387773,0.018218160004316145,0
-308.365589,100,3237.723293,0.0,0
-48.568463,28,3238.786453,1.0577216918727876,0
-310.780824,100,3242.279167,0.07480248512813815,4
-306.775928,100,3245.735294,0.0,0
-53.812724,30,3246.905102,0.9422770285119209,0
-308.478995,100,3250.330613,0.0,0
-42.15456,27,3251.329568,0.9739766039576848,0
-314.37751,100,3254.67679,0.0,0
-305.603046,100,3258.187232,0.0,1
-46.066836,26,3259.201319,0.8522844981081559,0
-311.390818,100,3262.598522,0.0,0
-46.727784,27,3263.640481,0.933690310050441,0
-298.521664,100,3267.190421,0.17038547024429507,0
-53.629452,29,3268.320675,0.9253097785426967,0
-321.422829,100,3271.723633,0.0,0
-311.15434,100,3299.900944,0.0,2
-56.716533,31,3301.142352,0.8689389144559923,0
-37.979688,24,3302.184411,1.32599274020367,0
-45.589808,28,3303.626948,1.0117924179172444,0
-141.069714,69,3306.465352,1.2042348245807295,0
-305.565093,100,3310.288675,0.0,0
-48.290451,29,3311.43654,0.8747498716396142,0
-297.811672,100,3315.269456,0.1364945563477709,0
-41.574075,26,3316.285975,0.9279940928624192,0
-50.532349,29,3317.430079,0.8625791728130558,0
-295.220176,100,3321.043817,0.043573844725580534,0
-296.978271,100,3324.961395,0.03937259146812993,0
-51.937304,30,3326.136303,0.8466107976911716,0
-309.333637,100,3329.765834,0.0,0
-317.247823,100,3333.208472,0.0,0
-297.916346,100,3336.829156,0.06879060419701828,0
-293.064031,100,3340.575253,0.052323846280814136,0
-305.431744,100,3344.18805,0.1314468181692248,0
-302.909197,100,3347.834079,0.04300674186632255,1
-295.588521,100,3351.58743,0.06032825071573839,0
-303.112898,100,3355.276183,0.05107806070134456,0
-308.027341,100,3358.762998,0.0,0
-280.385093,100,3362.726337,0.17730103659689828,1
-49.360887,27,3363.748143,0.9130398681375425,0
-43.025896,26,3364.693263,0.9957746593051605,0
-42.4326,27,3365.718264,1.0654692388967897,0
-224.377319,90,3368.993776,0.9774796878646957,0
-303.117721,100,3372.521053,0.014026579282472295,0
-48.897953,28,3373.610565,0.9726878146704689,0
-41.044193,27,3374.597019,1.0538465217767983,0
-52.1816,30,3375.720864,0.8505646992223835,0
-316.045617,100,3379.156115,0.0,0
-301.216895,100,3382.575583,0.1585134466831463,0
-45.06567,28,3383.562094,1.0205475273634188,0
-50.301863,28,3384.567448,1.009759594088804,0
-49.428711,29,3385.60754,1.0324937900354114,0
-47.946283,30,3386.669179,0.9459983264669163,0
-57.134173,31,3387.811327,0.9372714303979975,0
-54.093659,31,3388.965823,0.861520973926503,0
-46.669184,28,3389.989286,0.8591355855231592,0
-55.651487,32,3391.125585,0.938210688580322,0
-55.011005,31,3392.27851,0.879176978180631,0
-65.817579,35,3393.56738,0.8540081127019541,0
-39.718718,25,3394.480373,1.1061854963950588,0
-54.095272,30,3395.560911,0.9554259170840915,0
-46.792784,28,3396.570682,0.9224079223175836,0
-319.781946,100,3399.811683,0.0,0
-56.253458,31,3400.929682,0.9011508029239399,0
-47.157464,29,3401.963099,0.9752952621598202,0
-64.89831,35,3403.240543,0.9024788684748444,0
-51.215359,30,3404.325015,1.0127959561519013,0
-52.974024,30,3405.412924,0.8168633516853908,0
-300.397023,100,3408.866173,0.11229923085143403,0
-41.168295,27,3409.826699,0.9713125118571906,0
-295.745599,100,3413.311222,0.0,0
-302.407493,100,3417.02176,0.07250249016244578,0
-51.264974,30,3418.140783,0.9249963054493553,0
-58.054939,29,3419.2149,0.9326133928575678,0
-40.991597,27,3420.178225,1.0788476154367763,0
-48.087691,28,3421.226654,1.0102435564328174,0
-42.354018,27,3422.236581,0.8746273204486572,0
-48.286555,29,3423.2992,0.9579157457295348,0
-50.478148,28,3424.351329,0.7710293279563516,0
-320.553501,100,3427.746443,0.0,0
-305.337662,100,3431.33793,0.07298744243846869,0
-53.040437,31,3432.502039,0.8895261361877762,0
-322.141142,100,3435.856703,0.0,0
-315.92327,100,3439.19679,0.0,0
-306.481446,100,3442.668219,0.0,1
-293.349442,100,3446.223129,0.0027820015861431398,0
-49.417937,29,3447.30962,1.003038047304638,0
-50.713478,30,3448.425623,0.8212812987347053,0
-305.511705,100,3451.848733,0.0,0
-297.3907,100,3455.363751,0.09595352533051048,1
-55.793953,30,3456.496708,0.9794086145446315,0
-311.603612,100,3459.93013,0.0,0
-46.857327,29,3461.01297,0.9692939275657833,0
-57.745512,32,3462.237411,0.9320108322127528,0
-285.621089,100,3466.108061,0.0,1
-47.205949,29,3467.239835,0.9282419572024821,0
-294.196901,100,3470.815212,0.044137445336187894,0
-301.070702,100,3474.165064,0.0,2
-299.06576,100,3477.749608,0.01780920291804046,0
-305.259462,100,3507.102288,0.0,0
-43.168496,26,3508.109608,0.7683365040428181,0
-46.040377,28,3509.299242,0.8990131510638435,0
-321.365909,100,3513.59096,0.0,0
-302.623816,100,3517.416395,0.015334581684335803,0
-59.901257,32,3518.664422,0.8588974351384667,0
-307.122088,100,3522.361017,0.0,0
-130.758292,57,3524.6074,0.7957784307048417,0
-38.670836,23,3525.444303,1.566614569250605,0
-52.888189,30,3526.530365,1.0492649843715094,0
-321.521493,100,3530.180862,0.0,0
-298.971027,100,3533.911573,0.0,1
-45.847108,28,3535.028278,0.836436122821928,0
-49.126,29,3536.186433,0.8494414089618165,0
-297.082416,100,3540.1712,0.0,0
-52.149371,29,3541.313926,0.8661645392981567,0
-299.126239,100,3545.025469,0.01610238522911458,0
-282.254642,100,3549.157871,0.02711105280926855,1
-51.568632,30,3550.333528,0.9379146528092054,0
-51.992105,30,3551.513212,0.9164338284516166,0
-253.573494,100,3555.494121,0.0014396829062191469,1
-41.141783,26,3556.473475,0.8621259596415816,0
-293.329393,100,3559.996328,0.04068295052146203,0
-311.685195,100,3563.436359,0.0,0
-304.014655,100,3567.019761,0.0,2
-47.983799,29,3568.116527,0.7813202581805184,0
-46.518534,27,3569.103556,1.0269440760841488,0
-45.223125,27,3570.056924,0.9238973984946052,0
-43.285125,26,3571.076405,1.0222325834015313,0
-313.782021,100,3574.337383,0.0,0
-45.580344,27,3575.371301,0.7854294965320191,0
-44.967447,28,3576.375358,1.0215080527006646,0
-55.408171,30,3577.479162,0.8985892605069016,0
-38.199646,23,3578.272322,1.5586735873347541,0
-44.305831,26,3579.215626,0.8550270723770519,0
-41.23348,27,3580.19405,1.0195297626313888,0
-294.965213,100,3583.729425,0.01087625744503815,2
-44.664765,27,3584.701689,0.8951054144763295,0
-307.509464,100,3588.038672,0.022786781427088627,2
-48.915275,28,3589.011988,0.8702198462668258,0
-61.950096,32,3590.195761,0.8731679837468443,0
-42.451649,27,3591.218001,0.7892140418731869,0
-47.690778,28,3592.215959,0.8578138683333513,0
-44.820031,25,3593.092203,0.7523124132642361,0
-41.063337,26,3594.017994,0.87399462245397,0
-47.049001,28,3594.996054,0.9940368949028765,0
-42.553761,27,3595.930215,0.9626768062677941,0
-48.719991,28,3596.91212,0.7512100089793818,0
-46.549526,26,3597.865951,0.906731872418619,0
-311.42401,100,3601.152866,0.12290827960220625,3
-47.765515,29,3602.192354,0.9481649926514081,0
-60.24336,33,3603.453777,0.9883180390755405,0
-47.086222,28,3604.478987,0.902577635140017,0
-299.943294,100,3607.954246,0.0,2
-276.52999,100,3611.612405,0.07526366627044263,0
-49.268629,28,3612.625241,0.9849898458854088,0
-45.291734,28,3613.581044,0.9844557361156737,0
-56.457628,31,3614.720481,0.8565996833664725,0
-38.393364,23,3615.484932,1.573860219694806,0
-308.073602,100,3618.796723,0.0,0
-50.683336,30,3619.862941,0.9043620337484894,0
-52.399489,29,3620.888956,0.8803812992881769,0
-46.11463,28,3621.961622,1.038484590869043,0
-43.331598,27,3622.985646,0.9340831821930983,0
-49.900239,30,3624.092229,0.9923174407844131,0
-303.812494,100,3627.636644,0.0,0
-37.118801,23,3628.446693,1.5702557487190039,0
-48.45853,28,3629.491003,0.8530957009744102,0
-48.593947,28,3630.514773,0.9014564198281895,0
-308.871135,100,3634.018127,0.0,3
-37.094341,23,3634.817769,1.5297245921826936,0
-49.235315,28,3635.885612,0.8454639435203705,0
-294.928977,100,3639.553647,0.0,0
-287.191898,100,3643.083587,0.0,0
-51.941976,30,3644.274399,0.8646292248390776,0
-300.316638,100,3647.790236,0.0,0
-294.83097,100,3651.457196,0.006403399889268702,0
-41.304806,25,3652.375551,0.8899317284483897,0
-43.157195,26,3653.344427,1.0209812035260666,0
-296.356526,100,3656.827019,0.0,0
-309.571745,100,3660.398452,0.0,0
-58.962514,32,3661.645381,0.9129104558196798,0
-45.893419,28,3662.693483,0.9981297548187132,0
-301.806181,100,3666.178157,0.0,0
-308.327068,100,3669.684129,0.0,0
-307.568239,100,3673.242288,0.0,0
-40.691514,27,3674.21127,1.0278928102396248,0
-290.850615,100,3677.812876,0.03598280887613163,0
-287.039845,100,3681.344166,0.08177626876371136,0
-287.70206,100,3684.916557,0.11015811871751284,0
-53.140546,29,3685.991318,0.9066671221078481,0
-43.528939,27,3686.972561,0.907996238844265,0
-42.191516,28,3687.984577,1.01321960203821,0
-309.513461,100,3716.529356,0.0,0
-46.108567,28,3717.872267,0.8349593231103014,0
-50.485584,30,3719.141174,1.0572754068724737,0
-55.291782,30,3720.451635,0.9694380143099983,0
-304.676546,100,3724.230104,0.0,0
-49.061139,28,3725.329474,0.9318049015387379,0
-52.857204,30,3726.512992,0.8511934438553055,0
-46.934448,28,3727.594462,0.9430989166956458,0
-50.082066,29,3728.764819,0.8450371539313204,0
-37.347103,23,3729.60676,1.6042205822990863,0
-263.365962,100,3733.449066,0.15204844883128832,0
-52.879044,30,3734.662311,0.8286792801500329,0
-50.58283,29,3735.711155,0.9356056911377149,0
-57.350965,31,3736.983117,0.8119521277385943,0
-49.210914,30,3738.149003,0.8565378411524953,0
-51.243166,28,3739.242371,0.9684092216584462,0
-46.962808,28,3740.28814,1.0552226354473992,0
-53.392725,29,3741.397299,0.8824001462952071,0
-304.403708,100,3745.330456,0.0,0
-45.437297,27,3746.420094,1.0410297639894412,0
-41.414612,26,3747.395554,1.032220915847834,0
-44.87995,27,3748.405117,0.92359102590786,0
-300.151787,100,3752.063966,0.0,0
-50.789841,30,3753.251542,1.0208920035037168,0
-303.603759,100,3756.917328,0.0,0
-51.752841,30,3758.039231,0.8627229998738726,0
-49.702024,29,3759.145532,0.7661168347279314,0
-43.253901,28,3760.151829,0.9597792700383797,0
-52.078998,31,3761.287857,0.8161927086791331,0
-46.194712,28,3762.371674,0.9742122699288119,0
-45.042812,28,3763.469808,0.9285584657122142,0
-44.093401,27,3764.83463,0.8310249497838397,0
-44.645845,28,3766.038943,0.9988133737338533,0
-180.15139,97,3769.489961,1.0484173085105406,0
-283.440989,100,3773.203333,0.4336577428670875,2
-51.369515,31,3774.405343,0.951004010877414,0
-300.927893,100,3777.931794,0.0,0
-305.086084,100,3781.645958,0.0,0
-297.925967,100,3785.294849,0.20722399461772764,0
-41.718673,26,3786.260761,1.1213654432771307,0
-48.987371,29,3787.32417,0.8335385903776914,0
-47.170655,28,3788.361109,1.0315965070781832,0
-54.386721,30,3789.556946,0.9176825823065426,0
-55.970974,31,3790.755616,0.821748253429138,0
-48.685677,29,3791.810752,0.9665734893107689,0
-286.323645,100,3795.334456,0.0,0
-55.630054,31,3796.516707,0.9522340730687784,0
-50.384659,30,3797.684665,0.8574191010024519,0
-300.637048,100,3801.235355,0.0,0
-301.672792,100,3804.778268,0.0,0
-47.348901,28,3805.902265,0.775589334436886,0
-304.218085,100,3809.509717,0.0,0
-45.187806,28,3810.589015,1.060169408714168,0
-46.626827,28,3811.682206,0.8739919695144104,0
-45.907204,29,3812.783178,0.8933729267420524,0
-54.591664,30,3814.02738,0.9340883521054585,0
-42.581061,27,3815.111921,0.9932620857284334,0
-50.978651,32,3816.458374,0.8128128287366865,0
-45.077112,28,3817.594863,0.8517835793951432,0
-51.800349,30,3818.820886,0.9712849975905982,0
-46.191805,28,3819.993482,0.869626794959703,0
-38.512897,24,3820.946395,1.475149386097719,0
-285.571236,100,3824.767663,0.0,0
-75.864766,37,3826.250656,0.7507390865993004,0
-50.981599,30,3827.453363,0.7996132151059585,0
-286.339506,100,3830.921523,0.0,0
-42.946958,27,3831.966765,1.0500996266696987,0
-295.300493,100,3835.77462,0.0,0
-41.972059,26,3836.720529,1.4124576655838175,0
-51.940302,30,3837.94236,0.8589017791384338,0
-48.141997,29,3839.061487,1.0527069032729464,0
-299.540354,100,3842.825729,0.07817839131333171,0
-41.94186,27,3843.854865,1.0695588010242676,0
-53.24827,30,3845.064543,0.8378248338027621,0
-47.510682,29,3846.196942,0.9877081475093591,0
-40.70719,27,3847.281206,1.030614344164585,0
-43.63033,28,3848.332273,0.9390671678523541,0
-258.258426,100,3852.120799,0.35198954990607256,0
-44.214693,28,3853.206107,0.8249234127972879,0
-51.638938,30,3854.419865,0.9220225825450844,0
-42.507606,27,3855.489962,0.9443941695302175,0
-300.874929,100,3859.241959,0.0,0
-48.024094,30,3860.357278,0.9670999273427223,0
-59.978706,32,3861.609547,0.8156672225892057,0
-41.821151,27,3862.722244,0.8970746386069457,0
-64.805189,36,3864.16324,0.8974735526880252,0
-46.307718,27,3865.253711,0.7819636042808372,0
-45.807488,29,3866.42621,0.9957430536168498,0
-300.965465,100,3870.169431,0.0,0
-60.047095,33,3871.463551,0.7607596956343421,0
-49.829966,30,3872.62546,0.8151224193840668,0
-43.521242,27,3873.67068,0.9633819661506032,0
-45.202918,29,3874.817415,0.9637047428161895,0
-49.6495,29,3875.934656,1.0595167819474232,0
-298.790794,100,3879.730842,0.0,0
-308.374577,100,3883.387923,0.0,0
-297.29365,100,3887.068319,0.0,0
-299.766555,100,3891.029344,0.0,0
-50.366666,31,3892.237623,0.8082395717826243,0
-54.035881,30,3893.430218,0.9715971666522918,0
-300.341339,100,3897.165823,0.0,0
-301.437237,100,3900.754422,0.0,0
-53.733033,32,3901.929304,1.02678347858218,0
-44.290773,28,3902.94354,0.9297808772979209,0
-106.72686,48,3928.404721,1.048121688477193,0
-55.680849,31,3929.585196,0.9032030376212158,0
-300.980886,100,3933.817655,0.3007315171864337,0
-47.87798,29,3935.044648,0.8112900501329,0
-51.151542,30,3936.20888,0.9276555451910249,0
-57.656462,33,3937.496075,0.9342394359699395,0
-54.878357,31,3938.731176,0.9350170134860265,0
-46.603031,29,3939.849845,1.0585084436109469,0
-311.600727,100,3943.568756,0.0,0
-297.907879,100,3947.482096,0.0,0
-42.355926,27,3948.538318,0.9898498212123946,0
-38.586383,25,3949.492153,1.304400532988987,0
-48.654416,28,3950.605361,0.8342502166604197,0
-48.685437,29,3951.741736,0.9016698531670613,0
-50.463289,29,3952.882443,0.9274919188426958,0
-53.509208,32,3954.120452,0.9038673716376779,0
-47.832387,28,3955.257678,0.9220788137301275,0
-303.610167,100,3959.026057,0.0,0
-44.616619,28,3960.172975,0.9382066419987534,0
-290.326409,100,3963.98606,0.0,0
-43.550141,27,3965.025718,0.9470362101539831,0
-48.739608,29,3966.152455,0.9827139482283375,0
-60.900947,33,3967.504113,0.8467599559151171,0
-292.863081,100,3971.278301,0.0,0
-59.841638,34,3972.692807,0.8328550220995363,0
-40.683361,27,3973.769082,0.9890934875618151,0
-37.227319,23,3974.592508,1.6245686115703974,0
-45.618821,28,3975.646617,0.8866405511905948,0
-301.281075,100,3979.330572,0.0,0
-52.206883,31,3980.461444,0.8858109672843199,0
-53.996778,30,3981.572743,0.9047032552684293,0
-40.649545,27,3982.571059,1.0641056256161978,0
-48.376747,29,3983.676933,0.9430255005713131,0
-314.617052,100,3987.160403,0.0,0
-49.343671,29,3988.219414,1.3882718814337456,0
-37.013576,23,3989.026729,1.558015593020455,0
-54.437592,30,3990.189555,0.9660773760290896,0
-312.892754,100,3993.754833,0.0,0
-293.32391,100,3997.380919,0.0,0
-44.838786,28,3998.448802,0.7760948165699516,0
-50.245647,29,3999.496585,0.8648483467181488,0
-59.22286,31,4000.619768,0.9351899999909044,0
-54.032529,31,4001.763622,0.7867744460848107,0
-41.181092,27,4002.776319,0.8933882286356156,0
-51.227092,28,4003.791915,0.943750767576991,0
-48.974492,30,4004.898184,0.9313456465501282,0
-54.073654,30,4005.971014,0.7804979018700818,0
-290.54931,100,4009.478564,0.0,0
-298.750502,100,4012.986777,0.0,0
-296.831477,100,4016.355125,0.0,0
-45.184979,28,4017.370424,1.0702752409873948,0
-48.188898,29,4018.414512,0.8265213887664886,0
-308.781548,100,4021.722658,0.0,0
-59.191153,32,4022.902159,0.9374039301510035,0
-46.618917,28,4023.928379,0.9283787713959862,0
-44.052489,28,4024.928404,0.9595292569158278,0
-47.557279,29,4025.955822,0.851224514248542,0
-298.556819,100,4029.467887,0.0,0
-296.662347,100,4033.071252,0.0,0
-291.501638,100,4036.60443,0.0,0
-41.944019,28,4037.629166,0.975570593282842,0
-296.380641,100,4041.085288,0.0,0
-286.587418,100,4044.624155,0.16039311219971417,0
-296.044177,100,4048.01477,0.0,0
-277.265477,100,4051.506598,0.3480235960953547,0
-313.251052,100,4055.015755,0.0,0
-49.891934,29,4056.096002,1.0133225194728974,0
-47.415494,29,4057.164846,0.9150920869663409,0
-48.567265,29,4058.258024,0.9271272610480545,0
-42.578496,28,4059.309177,0.9003722726084803,0
-286.10444,100,4063.028678,0.0,0
-168.173197,83,4066.274458,0.7751257267483167,0
-49.354719,29,4067.367272,0.9496260181198939,0
-46.576222,28,4068.442033,1.045149045788887,0
-50.739324,31,4069.672403,0.9682336855177045,0
-287.551624,100,4073.11142,0.0,0
-49.536294,28,4074.154863,1.0334429099148152,0
-48.392969,28,4075.208681,0.8544060336952147,0
-43.992192,26,4076.198776,0.8067582003165351,0
-295.268826,100,4079.711759,0.0,0
-47.173864,30,4080.80347,0.9423282634124964,0
-50.89985,31,4081.957499,0.828982010678751,0
-55.261609,32,4083.181186,0.8033201348006923,0
-314.027247,100,4087.326748,0.0,0
-50.354814,30,4088.536863,1.022032887268748,0
-56.087597,30,4089.652882,0.9217522314976005,0
-55.218158,31,4090.820091,0.8324433266035006,0
-296.44002,100,4094.43268,0.0,0
-44.658158,28,4095.471321,0.9248550003352083,0
-40.609246,27,4096.443973,1.0045334574002114,0
-44.646018,28,4097.510068,0.921181496849479,0
-57.147161,30,4098.627192,0.7607838544801371,0
-48.038479,30,4099.751285,0.8096879912609418,0
-38.32501,24,4100.629106,1.4877681457868603,0
-44.817457,28,4101.664497,0.8779554080521219,0
-53.640169,32,4102.863019,1.0057165046940726,0
-52.196978,31,4104.034292,1.0365426993689242,0
-47.149528,28,4105.095947,0.8734999638265011,0
-299.861316,100,4108.790704,0.0,0
-290.274144,100,4136.74766,0.0,0
-41.435549,27,4137.862737,0.9833216297976383,0
-291.251888,100,4142.20868,0.0,0
-47.540413,28,4143.437941,0.8323612765302544,0
-43.667165,29,4144.56639,0.8709480877471524,0
-39.04193,26,4145.552309,0.794916330802936,0
-47.294157,28,4146.6667,0.7711917065986292,0
-45.189605,29,4147.816194,0.9549283618298772,0
-313.839167,100,4151.477911,0.0,0
-314.360634,100,4155.189678,0.0,0
-49.652462,30,4156.311619,1.0824005568645843,0
-178.190996,80,4159.712872,0.8207963375812662,0
-49.649599,29,4160.858002,1.0363948340318663,0
-62.953012,33,4162.170116,0.7518431887879418,0
-315.082451,100,4165.863094,0.0,0
-39.318431,25,4166.82008,1.5271099327249544,0
-39.667407,24,4167.783218,1.602973355942833,0
-37.252229,25,4168.782723,1.3390055408285177,0
-298.521121,100,4172.648152,0.0,0
-48.908302,31,4173.881911,0.9350417559986209,0
-37.192224,24,4174.733599,1.3991810206879622,0
-292.880625,100,4178.354405,0.0,0
-41.45871,27,4179.376325,0.8792007483408987,0
-58.596658,32,4180.609183,0.9366866575049211,0
-304.129407,100,4184.202981,0.0,0
-50.137201,29,4185.296224,0.8860038903664106,0
-45.227245,29,4186.350959,0.8820994130427695,0
-51.114049,29,4187.416735,0.9895714038873594,0
-62.742209,35,4188.73332,0.7802706822881321,0
-45.830714,29,4189.875146,0.9041484090854387,0
-49.428763,30,4191.035617,0.8574100090222493,0
-295.265401,100,4194.581967,0.0,0
-46.228622,29,4195.692159,0.888900951760134,0
-36.671022,25,4196.598663,1.3665125796210247,0
-293.611241,100,4200.092254,0.0,0
-42.779005,25,4201.012687,1.6138105226029344,0
-56.559279,32,4202.24165,0.9597825178922873,0
-50.366886,29,4203.286447,1.009465553866023,0
-51.780683,30,4204.348514,1.0296749743327271,0
-290.759168,100,4207.884832,0.0,0
-41.003824,26,4208.846413,0.8135023152563706,0
-51.265365,30,4209.944504,0.8630074011523571,0
-68.79217,35,4211.253502,0.8163134682952511,0
-48.744171,29,4212.28642,0.7504137905417044,0
-37.569555,24,4213.110044,1.5365478659871548,0
-51.876723,30,4214.177471,0.9520548020184472,0
-44.933956,29,4215.24851,0.9804843021505842,0
-314.585869,100,4218.683429,0.0,0
-238.128065,100,4222.196001,0.34459716825625425,0
-45.482148,27,4223.190784,0.8528309987984295,0
-294.113478,100,4226.640517,0.0,0
-252.683142,100,4230.239318,0.29805463176425,2
-286.481583,100,4233.792409,0.0,0
-41.975344,28,4234.790408,1.0370024031856393,0
-292.043167,100,4238.300637,0.0,0
-56.878265,31,4239.423732,0.7715998545338626,0
-52.132684,31,4240.527654,0.9241613817831429,0
-48.567279,30,4241.606453,0.8911116082539123,0
-51.157725,30,4242.60831,1.0833909999002762,0
-46.306954,28,4243.653907,1.081907868916142,0
-295.611033,100,4247.288511,0.0,0
-57.457433,31,4248.471985,0.8457554269436034,0
-290.703582,100,4252.030239,0.0,0
-41.648664,26,4253.028768,0.8636248480587361,0
-52.580595,30,4254.150372,0.8976186283329766,0
-57.472358,33,4255.422142,1.0266410229789296,0
-48.0189,29,4256.497911,0.9039057747475029,0
-290.51852,100,4260.065882,0.0,0
-313.546411,100,4263.60194,0.0,0
-48.576939,29,4264.661633,1.0904819724108028,0
-39.009246,25,4265.554385,1.41902575877297,0
-47.427393,28,4266.564496,0.9532625892834092,0
-314.066856,100,4270.205839,0.0,0
-59.61942,33,4271.455899,0.9198536853286566,0
-48.076561,28,4272.51932,0.7846219025968572,0
-43.206053,25,4273.433837,1.5723517663689954,0
-288.096517,100,4277.064229,0.0,0
-292.325136,100,4280.630258,0.0,0
-47.936895,30,4281.763665,0.809704297489578,0
-294.36472,100,4285.259712,0.0,0
-285.620117,100,4288.82676,0.24065841275637934,0
-47.897958,29,4289.8878,0.962587179218482,0
-254.62597,100,4293.904508,0.679908179227427,0
-47.542847,28,4295.004414,0.8510153897737949,0
-244.555759,100,4299.130282,0.43706078250611924,0
-288.30817,100,4302.685277,0.0,0
-294.150235,100,4306.085581,0.0,0
-46.819266,28,4307.127897,1.0933625098378708,0
-48.138,29,4308.170288,1.0440076387951636,0
-53.782704,30,4309.286185,0.9405163902851519,0
-312.903286,100,4312.816601,0.0,0
-313.983216,100,4316.414648,0.0,0
-287.703849,100,4319.903075,0.34617271290478274,0
